Debug at: /opt/conda/envs/qiime2-amplicon-2026.1/bin/mafft:3 




Debug at: /opt/conda/envs/qiime2-amplicon-2026.1/bin/mafft:3 




Debug at: /opt/conda/envs/qiime2-amplicon-2026.1/bin/mafft:4 




Debug at: /opt/conda/envs/qiime2-amplicon-2026.1/bin/mafft:4 




Debug at: /opt/conda/envs/qiime2-amplicon-2026.1/bin/mafft:5 




Debug at: /opt/conda/envs/qiime2-amplicon-2026.1/bin/mafft:5 




Debug at: /opt/conda/envs/qiime2-amplicon-2026.1/bin/mafft:6 




Debug at: /opt/conda/envs/qiime2-amplicon-2026.1/bin/mafft:7 




Debug at: /opt/conda/envs/qiime2-amplicon-2026.1/bin/mafft:8 




Debug at: /opt/conda/envs/qiime2-amplicon-2026.1/bin/mafft:9 




Debug at: /opt/conda/envs/qiime2-amplicon-2026.1/bin/mafft:12 




Debug at: /opt/conda/envs/qiime2-amplicon-2026.1/bin/mafft:15 




Debug at: /opt/conda/envs/qiime2-amplicon-2026.1/bin/mafft:18 




Debug at: /opt/conda/envs/qiime2-amplicon-2026.1/bin/mafft:20 




Debug at: /opt/conda/envs/qiime2-amplicon-2026.1/bin/mafft:22 




Debug at: /opt/conda/envs/qiime2-amplicon-2026.1/bin/mafft:23 




Debug at: /opt/conda/envs/qiime2-amplicon-2026.1/bin/mafft:28 




Debug at: /opt/conda/envs/qiime2-amplicon-2026.1/bin/mafft:36 




Debug at: /opt/conda/envs/qiime2-amplicon-2026.1/bin/mafft:39 




Debug at: /opt/conda/envs/qiime2-amplicon-2026.1/bin/mafft:41 




Debug at: /opt/conda/envs/qiime2-amplicon-2026.1/bin/mafft:43 




Debug at: /opt/conda/envs/qiime2-amplicon-2026.1/bin/mafft:44 




Debug at: /opt/conda/envs/qiime2-amplicon-2026.1/bin/mafft:50 




Debug at: /opt/conda/envs/qiime2-amplicon-2026.1/bin/mafft:52 




Debug at: /opt/conda/envs/qiime2-amplicon-2026.1/bin/mafft:57 




Debug at: /opt/conda/envs/qiime2-amplicon-2026.1/bin/mafft:86 




Debug at: /opt/conda/envs/qiime2-amplicon-2026.1/bin/mafft:87 




Debug at: /opt/conda/envs/qiime2-amplicon-2026.1/bin/mafft:88 




Debug at: /opt/conda/envs/qiime2-amplicon-2026.1/bin/mafft:90 




Debug at: /opt/conda/envs/qiime2-amplicon-2026.1/bin/mafft:91 




Debug at: /opt/conda/envs/qiime2-amplicon-2026.1/bin/mafft:92 




Debug at: /opt/conda/envs/qiime2-amplicon-2026.1/bin/mafft:93 




Debug at: /opt/conda/envs/qiime2-amplicon-2026.1/bin/mafft:94 




Debug at: /opt/conda/envs/qiime2-amplicon-2026.1/bin/mafft:95 




Debug at: /opt/conda/envs/qiime2-amplicon-2026.1/bin/mafft:97 




Debug at: /opt/conda/envs/qiime2-amplicon-2026.1/bin/mafft:98 




Debug at: /opt/conda/envs/qiime2-amplicon-2026.1/bin/mafft:99 




Debug at: /opt/conda/envs/qiime2-amplicon-2026.1/bin/mafft:100 




Debug at: /opt/conda/envs/qiime2-amplicon-2026.1/bin/mafft:101 




Debug at: /opt/conda/envs/qiime2-amplicon-2026.1/bin/mafft:102 




Debug at: /opt/conda/envs/qiime2-amplicon-2026.1/bin/mafft:103 




Debug at: /opt/conda/envs/qiime2-amplicon-2026.1/bin/mafft:104 




Debug at: /opt/conda/envs/qiime2-amplicon-2026.1/bin/mafft:105 




Debug at: /opt/conda/envs/qiime2-amplicon-2026.1/bin/mafft:106 




Debug at: /opt/conda/envs/qiime2-amplicon-2026.1/bin/mafft:107 




Debug at: /opt/conda/envs/qiime2-amplicon-2026.1/bin/mafft:108 




Debug at: /opt/conda/envs/qiime2-amplicon-2026.1/bin/mafft:125 




Debug at: /opt/conda/envs/qiime2-amplicon-2026.1/bin/mafft:142 




Debug at: /opt/conda/envs/qiime2-amplicon-2026.1/bin/mafft:147 




Debug at: /opt/conda/envs/qiime2-amplicon-2026.1/bin/mafft:152 




Debug at: /opt/conda/envs/qiime2-amplicon-2026.1/bin/mafft:157 




Debug at: /opt/conda/envs/qiime2-amplicon-2026.1/bin/mafft:161 




Debug at: /opt/conda/envs/qiime2-amplicon-2026.1/bin/mafft:166 




Debug at: /opt/conda/envs/qiime2-amplicon-2026.1/bin/mafft:170 




Debug at: /opt/conda/envs/qiime2-amplicon-2026.1/bin/mafft:176 




Debug at: /opt/conda/envs/qiime2-amplicon-2026.1/bin/mafft:177 




Debug at: /opt/conda/envs/qiime2-amplicon-2026.1/bin/mafft:178 




Debug at: /opt/conda/envs/qiime2-amplicon-2026.1/bin/mafft:179 




Debug at: /opt/conda/envs/qiime2-amplicon-2026.1/bin/mafft:180 




Debug at: /opt/conda/envs/qiime2-amplicon-2026.1/bin/mafft:181 




Debug at: /opt/conda/envs/qiime2-amplicon-2026.1/bin/mafft:182 




Debug at: /opt/conda/envs/qiime2-amplicon-2026.1/bin/mafft:183 




Debug at: /opt/conda/envs/qiime2-amplicon-2026.1/bin/mafft:184 




Debug at: /opt/conda/envs/qiime2-amplicon-2026.1/bin/mafft:185 




Debug at: /opt/conda/envs/qiime2-amplicon-2026.1/bin/mafft:186 




Debug at: /opt/conda/envs/qiime2-amplicon-2026.1/bin/mafft:187 




Debug at: /opt/conda/envs/qiime2-amplicon-2026.1/bin/mafft:188 




Debug at: /opt/conda/envs/qiime2-amplicon-2026.1/bin/mafft:189 




Debug at: /opt/conda/envs/qiime2-amplicon-2026.1/bin/mafft:190 




Debug at: /opt/conda/envs/qiime2-amplicon-2026.1/bin/mafft:191 




Debug at: /opt/conda/envs/qiime2-amplicon-2026.1/bin/mafft:192 




Debug at: /opt/conda/envs/qiime2-amplicon-2026.1/bin/mafft:193 




Debug at: /opt/conda/envs/qiime2-amplicon-2026.1/bin/mafft:194 




Debug at: /opt/conda/envs/qiime2-amplicon-2026.1/bin/mafft:195 




Debug at: /opt/conda/envs/qiime2-amplicon-2026.1/bin/mafft:196 




Debug at: /opt/conda/envs/qiime2-amplicon-2026.1/bin/mafft:197 




Debug at: /opt/conda/envs/qiime2-amplicon-2026.1/bin/mafft:198 




Debug at: /opt/conda/envs/qiime2-amplicon-2026.1/bin/mafft:199 




Debug at: /opt/conda/envs/qiime2-amplicon-2026.1/bin/mafft:200 




Debug at: /opt/conda/envs/qiime2-amplicon-2026.1/bin/mafft:201 




Debug at: /opt/conda/envs/qiime2-amplicon-2026.1/bin/mafft:202 




Debug at: /opt/conda/envs/qiime2-amplicon-2026.1/bin/mafft:203 




Debug at: /opt/conda/envs/qiime2-amplicon-2026.1/bin/mafft:204 




Debug at: /opt/conda/envs/qiime2-amplicon-2026.1/bin/mafft:205 




Debug at: /opt/conda/envs/qiime2-amplicon-2026.1/bin/mafft:206 




Debug at: /opt/conda/envs/qiime2-amplicon-2026.1/bin/mafft:207 




Debug at: /opt/conda/envs/qiime2-amplicon-2026.1/bin/mafft:208 




Debug at: /opt/conda/envs/qiime2-amplicon-2026.1/bin/mafft:209 




Debug at: /opt/conda/envs/qiime2-amplicon-2026.1/bin/mafft:210 




Debug at: /opt/conda/envs/qiime2-amplicon-2026.1/bin/mafft:211 




Debug at: /opt/conda/envs/qiime2-amplicon-2026.1/bin/mafft:212 




Debug at: /opt/conda/envs/qiime2-amplicon-2026.1/bin/mafft:213 




Debug at: /opt/conda/envs/qiime2-amplicon-2026.1/bin/mafft:214 




Debug at: /opt/conda/envs/qiime2-amplicon-2026.1/bin/mafft:215 




Debug at: /opt/conda/envs/qiime2-amplicon-2026.1/bin/mafft:216 




Debug at: /opt/conda/envs/qiime2-amplicon-2026.1/bin/mafft:217 




Debug at: /opt/conda/envs/qiime2-amplicon-2026.1/bin/mafft:218 




Debug at: /opt/conda/envs/qiime2-amplicon-2026.1/bin/mafft:219 




Debug at: /opt/conda/envs/qiime2-amplicon-2026.1/bin/mafft:222 




Debug at: /opt/conda/envs/qiime2-amplicon-2026.1/bin/mafft:223 




Debug at: /opt/conda/envs/qiime2-amplicon-2026.1/bin/mafft:224 




Debug at: /opt/conda/envs/qiime2-amplicon-2026.1/bin/mafft:225 




Debug at: /opt/conda/envs/qiime2-amplicon-2026.1/bin/mafft:226 




Debug at: /opt/conda/envs/qiime2-amplicon-2026.1/bin/mafft:228 




Debug at: /opt/conda/envs/qiime2-amplicon-2026.1/bin/mafft:229 




Debug at: /opt/conda/envs/qiime2-amplicon-2026.1/bin/mafft:230 




Debug at: /opt/conda/envs/qiime2-amplicon-2026.1/bin/mafft:231 




Debug at: /opt/conda/envs/qiime2-amplicon-2026.1/bin/mafft:232 




Debug at: /opt/conda/envs/qiime2-amplicon-2026.1/bin/mafft:233 




Debug at: /opt/conda/envs/qiime2-amplicon-2026.1/bin/mafft:234 




Debug at: /opt/conda/envs/qiime2-amplicon-2026.1/bin/mafft:235 




Debug at: /opt/conda/envs/qiime2-amplicon-2026.1/bin/mafft:236 




Debug at: /opt/conda/envs/qiime2-amplicon-2026.1/bin/mafft:237 




Debug at: /opt/conda/envs/qiime2-amplicon-2026.1/bin/mafft:238 




Debug at: /opt/conda/envs/qiime2-amplicon-2026.1/bin/mafft:239 




Debug at: /opt/conda/envs/qiime2-amplicon-2026.1/bin/mafft:240 




Debug at: /opt/conda/envs/qiime2-amplicon-2026.1/bin/mafft:241 




Debug at: /opt/conda/envs/qiime2-amplicon-2026.1/bin/mafft:242 




Debug at: /opt/conda/envs/qiime2-amplicon-2026.1/bin/mafft:243 




Debug at: /opt/conda/envs/qiime2-amplicon-2026.1/bin/mafft:244 




Debug at: /opt/conda/envs/qiime2-amplicon-2026.1/bin/mafft:245 




Debug at: /opt/conda/envs/qiime2-amplicon-2026.1/bin/mafft:246 




Debug at: /opt/conda/envs/qiime2-amplicon-2026.1/bin/mafft:247 




Debug at: /opt/conda/envs/qiime2-amplicon-2026.1/bin/mafft:248 




Debug at: /opt/conda/envs/qiime2-amplicon-2026.1/bin/mafft:249 




Debug at: /opt/conda/envs/qiime2-amplicon-2026.1/bin/mafft:250 




Debug at: /opt/conda/envs/qiime2-amplicon-2026.1/bin/mafft:251 




Debug at: /opt/conda/envs/qiime2-amplicon-2026.1/bin/mafft:252 




Debug at: /opt/conda/envs/qiime2-amplicon-2026.1/bin/mafft:253 




Debug at: /opt/conda/envs/qiime2-amplicon-2026.1/bin/mafft:254 




Debug at: /opt/conda/envs/qiime2-amplicon-2026.1/bin/mafft:255 




Debug at: /opt/conda/envs/qiime2-amplicon-2026.1/bin/mafft:256 




Debug at: /opt/conda/envs/qiime2-amplicon-2026.1/bin/mafft:257 




Debug at: /opt/conda/envs/qiime2-amplicon-2026.1/bin/mafft:258 




Debug at: /opt/conda/envs/qiime2-amplicon-2026.1/bin/mafft:259 




Debug at: /opt/conda/envs/qiime2-amplicon-2026.1/bin/mafft:260 




Debug at: /opt/conda/envs/qiime2-amplicon-2026.1/bin/mafft:261 




Debug at: /opt/conda/envs/qiime2-amplicon-2026.1/bin/mafft:262 




Debug at: /opt/conda/envs/qiime2-amplicon-2026.1/bin/mafft:263 




Debug at: /opt/conda/envs/qiime2-amplicon-2026.1/bin/mafft:264 




Debug at: /opt/conda/envs/qiime2-amplicon-2026.1/bin/mafft:265 




Debug at: /opt/conda/envs/qiime2-amplicon-2026.1/bin/mafft:266 




Debug at: /opt/conda/envs/qiime2-amplicon-2026.1/bin/mafft:267 




Debug at: /opt/conda/envs/qiime2-amplicon-2026.1/bin/mafft:268 




Debug at: /opt/conda/envs/qiime2-amplicon-2026.1/bin/mafft:269 




Debug at: /opt/conda/envs/qiime2-amplicon-2026.1/bin/mafft:270 




Debug at: /opt/conda/envs/qiime2-amplicon-2026.1/bin/mafft:271 




Debug at: /opt/conda/envs/qiime2-amplicon-2026.1/bin/mafft:272 




Debug at: /opt/conda/envs/qiime2-amplicon-2026.1/bin/mafft:273 




Debug at: /opt/conda/envs/qiime2-amplicon-2026.1/bin/mafft:274 




Debug at: /opt/conda/envs/qiime2-amplicon-2026.1/bin/mafft:275 




Debug at: /opt/conda/envs/qiime2-amplicon-2026.1/bin/mafft:276 




Debug at: /opt/conda/envs/qiime2-amplicon-2026.1/bin/mafft:277 




Debug at: /opt/conda/envs/qiime2-amplicon-2026.1/bin/mafft:278 




Debug at: /opt/conda/envs/qiime2-amplicon-2026.1/bin/mafft:279 




Debug at: /opt/conda/envs/qiime2-amplicon-2026.1/bin/mafft:280 




Debug at: /opt/conda/envs/qiime2-amplicon-2026.1/bin/mafft:281 




Debug at: /opt/conda/envs/qiime2-amplicon-2026.1/bin/mafft:282 




Debug at: /opt/conda/envs/qiime2-amplicon-2026.1/bin/mafft:283 




Debug at: /opt/conda/envs/qiime2-amplicon-2026.1/bin/mafft:284 




Debug at: /opt/conda/envs/qiime2-amplicon-2026.1/bin/mafft:285 




Debug at: /opt/conda/envs/qiime2-amplicon-2026.1/bin/mafft:286 




Debug at: /opt/conda/envs/qiime2-amplicon-2026.1/bin/mafft:287 




Debug at: /opt/conda/envs/qiime2-amplicon-2026.1/bin/mafft:288 




Debug at: /opt/conda/envs/qiime2-amplicon-2026.1/bin/mafft:289 




Debug at: /opt/conda/envs/qiime2-amplicon-2026.1/bin/mafft:290 




Debug at: /opt/conda/envs/qiime2-amplicon-2026.1/bin/mafft:291 




Debug at: /opt/conda/envs/qiime2-amplicon-2026.1/bin/mafft:293 




Debug at: /opt/conda/envs/qiime2-amplicon-2026.1/bin/mafft:294 




Debug at: /opt/conda/envs/qiime2-amplicon-2026.1/bin/mafft:295 




Debug at: /opt/conda/envs/qiime2-amplicon-2026.1/bin/mafft:296 




Debug at: /opt/conda/envs/qiime2-amplicon-2026.1/bin/mafft:297 




Debug at: /opt/conda/envs/qiime2-amplicon-2026.1/bin/mafft:298 




Debug at: /opt/conda/envs/qiime2-amplicon-2026.1/bin/mafft:299 




Debug at: /opt/conda/envs/qiime2-amplicon-2026.1/bin/mafft:300 




Debug at: /opt/conda/envs/qiime2-amplicon-2026.1/bin/mafft:301 




Debug at: /opt/conda/envs/qiime2-amplicon-2026.1/bin/mafft:302 




Debug at: /opt/conda/envs/qiime2-amplicon-2026.1/bin/mafft:303 




Debug at: /opt/conda/envs/qiime2-amplicon-2026.1/bin/mafft:304 




Debug at: /opt/conda/envs/qiime2-amplicon-2026.1/bin/mafft:305 




Debug at: /opt/conda/envs/qiime2-amplicon-2026.1/bin/mafft:306 




Debug at: /opt/conda/envs/qiime2-amplicon-2026.1/bin/mafft:307 




Debug at: /opt/conda/envs/qiime2-amplicon-2026.1/bin/mafft:308 




Debug at: /opt/conda/envs/qiime2-amplicon-2026.1/bin/mafft:309 




Debug at: /opt/conda/envs/qiime2-amplicon-2026.1/bin/mafft:310 




Debug at: /opt/conda/envs/qiime2-amplicon-2026.1/bin/mafft:311 




Debug at: /opt/conda/envs/qiime2-amplicon-2026.1/bin/mafft:312 




Debug at: /opt/conda/envs/qiime2-amplicon-2026.1/bin/mafft:313 




Debug at: /opt/conda/envs/qiime2-amplicon-2026.1/bin/mafft:314 




Debug at: /opt/conda/envs/qiime2-amplicon-2026.1/bin/mafft:315 




Debug at: /opt/conda/envs/qiime2-amplicon-2026.1/bin/mafft:316 




Debug at: /opt/conda/envs/qiime2-amplicon-2026.1/bin/mafft:317 




Debug at: /opt/conda/envs/qiime2-amplicon-2026.1/bin/mafft:318 




Debug at: /opt/conda/envs/qiime2-amplicon-2026.1/bin/mafft:319 




Debug at: /opt/conda/envs/qiime2-amplicon-2026.1/bin/mafft:320 




Debug at: /opt/conda/envs/qiime2-amplicon-2026.1/bin/mafft:321 




Debug at: /opt/conda/envs/qiime2-amplicon-2026.1/bin/mafft:324 




Debug at: /opt/conda/envs/qiime2-amplicon-2026.1/bin/mafft:328 




Debug at: /opt/conda/envs/qiime2-amplicon-2026.1/bin/mafft:330 




Debug at: /opt/conda/envs/qiime2-amplicon-2026.1/bin/mafft:332 




Debug at: /opt/conda/envs/qiime2-amplicon-2026.1/bin/mafft:334 




Debug at: /opt/conda/envs/qiime2-amplicon-2026.1/bin/mafft:336 




Debug at: /opt/conda/envs/qiime2-amplicon-2026.1/bin/mafft:338 




Debug at: /opt/conda/envs/qiime2-amplicon-2026.1/bin/mafft:340 




Debug at: /opt/conda/envs/qiime2-amplicon-2026.1/bin/mafft:343 




Debug at: /opt/conda/envs/qiime2-amplicon-2026.1/bin/mafft:346 




Debug at: /opt/conda/envs/qiime2-amplicon-2026.1/bin/mafft:348 




Debug at: /opt/conda/envs/qiime2-amplicon-2026.1/bin/mafft:350 




Debug at: /opt/conda/envs/qiime2-amplicon-2026.1/bin/mafft:354 




Debug at: /opt/conda/envs/qiime2-amplicon-2026.1/bin/mafft:362 




Debug at: /opt/conda/envs/qiime2-amplicon-2026.1/bin/mafft:369 




Debug at: /opt/conda/envs/qiime2-amplicon-2026.1/bin/mafft:376 




Debug at: /opt/conda/envs/qiime2-amplicon-2026.1/bin/mafft:383 




Debug at: /opt/conda/envs/qiime2-amplicon-2026.1/bin/mafft:390 




Debug at: /opt/conda/envs/qiime2-amplicon-2026.1/bin/mafft:393 




Debug at: /opt/conda/envs/qiime2-amplicon-2026.1/bin/mafft:396 




Debug at: /opt/conda/envs/qiime2-amplicon-2026.1/bin/mafft:399 




Debug at: /opt/conda/envs/qiime2-amplicon-2026.1/bin/mafft:401 




Debug at: /opt/conda/envs/qiime2-amplicon-2026.1/bin/mafft:404 




Debug at: /opt/conda/envs/qiime2-amplicon-2026.1/bin/mafft:407 




Debug at: /opt/conda/envs/qiime2-amplicon-2026.1/bin/mafft:410 




Debug at: /opt/conda/envs/qiime2-amplicon-2026.1/bin/mafft:414 




Debug at: /opt/conda/envs/qiime2-amplicon-2026.1/bin/mafft:418 




Debug at: /opt/conda/envs/qiime2-amplicon-2026.1/bin/mafft:421 




Debug at: /opt/conda/envs/qiime2-amplicon-2026.1/bin/mafft:424 




Debug at: /opt/conda/envs/qiime2-amplicon-2026.1/bin/mafft:428 




Debug at: /opt/conda/envs/qiime2-amplicon-2026.1/bin/mafft:432 




Debug at: /opt/conda/envs/qiime2-amplicon-2026.1/bin/mafft:441 




Debug at: /opt/conda/envs/qiime2-amplicon-2026.1/bin/mafft:450 




Debug at: /opt/conda/envs/qiime2-amplicon-2026.1/bin/mafft:452 




Debug at: /opt/conda/envs/qiime2-amplicon-2026.1/bin/mafft:456 




Debug at: /opt/conda/envs/qiime2-amplicon-2026.1/bin/mafft:460 




Debug at: /opt/conda/envs/qiime2-amplicon-2026.1/bin/mafft:464 




Debug at: /opt/conda/envs/qiime2-amplicon-2026.1/bin/mafft:468 




Debug at: /opt/conda/envs/qiime2-amplicon-2026.1/bin/mafft:471 




Debug at: /opt/conda/envs/qiime2-amplicon-2026.1/bin/mafft:474 




Debug at: /opt/conda/envs/qiime2-amplicon-2026.1/bin/mafft:477 




Debug at: /opt/conda/envs/qiime2-amplicon-2026.1/bin/mafft:485 




Debug at: /opt/conda/envs/qiime2-amplicon-2026.1/bin/mafft:493 




Debug at: /opt/conda/envs/qiime2-amplicon-2026.1/bin/mafft:496 




Debug at: /opt/conda/envs/qiime2-amplicon-2026.1/bin/mafft:499 




Debug at: /opt/conda/envs/qiime2-amplicon-2026.1/bin/mafft:502 




Debug at: /opt/conda/envs/qiime2-amplicon-2026.1/bin/mafft:505 




Debug at: /opt/conda/envs/qiime2-amplicon-2026.1/bin/mafft:508 




Debug at: /opt/conda/envs/qiime2-amplicon-2026.1/bin/mafft:511 




Debug at: /opt/conda/envs/qiime2-amplicon-2026.1/bin/mafft:514 




Debug at: /opt/conda/envs/qiime2-amplicon-2026.1/bin/mafft:517 




Debug at: /opt/conda/envs/qiime2-amplicon-2026.1/bin/mafft:520 




Debug at: /opt/conda/envs/qiime2-amplicon-2026.1/bin/mafft:523 




Debug at: /opt/conda/envs/qiime2-amplicon-2026.1/bin/mafft:526 




Debug at: /opt/conda/envs/qiime2-amplicon-2026.1/bin/mafft:533 




Debug at: /opt/conda/envs/qiime2-amplicon-2026.1/bin/mafft:536 




Debug at: /opt/conda/envs/qiime2-amplicon-2026.1/bin/mafft:539 




Debug at: /opt/conda/envs/qiime2-amplicon-2026.1/bin/mafft:543 




Debug at: /opt/conda/envs/qiime2-amplicon-2026.1/bin/mafft:545 




Debug at: /opt/conda/envs/qiime2-amplicon-2026.1/bin/mafft:547 




Debug at: /opt/conda/envs/qiime2-amplicon-2026.1/bin/mafft:549 




Debug at: /opt/conda/envs/qiime2-amplicon-2026.1/bin/mafft:551 




Debug at: /opt/conda/envs/qiime2-amplicon-2026.1/bin/mafft:554 




Debug at: /opt/conda/envs/qiime2-amplicon-2026.1/bin/mafft:556 




Debug at: /opt/conda/envs/qiime2-amplicon-2026.1/bin/mafft:560 




Debug at: /opt/conda/envs/qiime2-amplicon-2026.1/bin/mafft:1063 




Debug at: /opt/conda/envs/qiime2-amplicon-2026.1/bin/mafft:328 




Debug at: /opt/conda/envs/qiime2-amplicon-2026.1/bin/mafft:330 




Debug at: /opt/conda/envs/qiime2-amplicon-2026.1/bin/mafft:332 




Debug at: /opt/conda/envs/qiime2-amplicon-2026.1/bin/mafft:334 




Debug at: /opt/conda/envs/qiime2-amplicon-2026.1/bin/mafft:335 




Debug at: /opt/conda/envs/qiime2-amplicon-2026.1/bin/mafft:1063 




Debug at: /opt/conda/envs/qiime2-amplicon-2026.1/bin/mafft:328 




Debug at: /opt/conda/envs/qiime2-amplicon-2026.1/bin/mafft:330 




Debug at: /opt/conda/envs/qiime2-amplicon-2026.1/bin/mafft:332 




Debug at: /opt/conda/envs/qiime2-amplicon-2026.1/bin/mafft:334 




Debug at: /opt/conda/envs/qiime2-amplicon-2026.1/bin/mafft:336 




Debug at: /opt/conda/envs/qiime2-amplicon-2026.1/bin/mafft:338 




Debug at: /opt/conda/envs/qiime2-amplicon-2026.1/bin/mafft:340 




Debug at: /opt/conda/envs/qiime2-amplicon-2026.1/bin/mafft:343 




Debug at: /opt/conda/envs/qiime2-amplicon-2026.1/bin/mafft:346 




Debug at: /opt/conda/envs/qiime2-amplicon-2026.1/bin/mafft:348 




Debug at: /opt/conda/envs/qiime2-amplicon-2026.1/bin/mafft:350 




Debug at: /opt/conda/envs/qiime2-amplicon-2026.1/bin/mafft:354 




Debug at: /opt/conda/envs/qiime2-amplicon-2026.1/bin/mafft:362 




Debug at: /opt/conda/envs/qiime2-amplicon-2026.1/bin/mafft:369 




Debug at: /opt/conda/envs/qiime2-amplicon-2026.1/bin/mafft:376 




Debug at: /opt/conda/envs/qiime2-amplicon-2026.1/bin/mafft:383 




Debug at: /opt/conda/envs/qiime2-amplicon-2026.1/bin/mafft:390 




Debug at: /opt/conda/envs/qiime2-amplicon-2026.1/bin/mafft:391 




Debug at: /opt/conda/envs/qiime2-amplicon-2026.1/bin/mafft:392 




Debug at: /opt/conda/envs/qiime2-amplicon-2026.1/bin/mafft:1063 




Debug at: /opt/conda/envs/qiime2-amplicon-2026.1/bin/mafft:328 




Debug at: /opt/conda/envs/qiime2-amplicon-2026.1/bin/mafft:330 




Debug at: /opt/conda/envs/qiime2-amplicon-2026.1/bin/mafft:331 




Debug at: /opt/conda/envs/qiime2-amplicon-2026.1/bin/mafft:1063 




Debug at: /opt/conda/envs/qiime2-amplicon-2026.1/bin/mafft:328 




Debug at: /opt/conda/envs/qiime2-amplicon-2026.1/bin/mafft:330 




Debug at: /opt/conda/envs/qiime2-amplicon-2026.1/bin/mafft:332 




Debug at: /opt/conda/envs/qiime2-amplicon-2026.1/bin/mafft:334 




Debug at: /opt/conda/envs/qiime2-amplicon-2026.1/bin/mafft:336 




Debug at: /opt/conda/envs/qiime2-amplicon-2026.1/bin/mafft:338 




Debug at: /opt/conda/envs/qiime2-amplicon-2026.1/bin/mafft:340 




Debug at: /opt/conda/envs/qiime2-amplicon-2026.1/bin/mafft:343 




Debug at: /opt/conda/envs/qiime2-amplicon-2026.1/bin/mafft:346 




Debug at: /opt/conda/envs/qiime2-amplicon-2026.1/bin/mafft:348 




Debug at: /opt/conda/envs/qiime2-amplicon-2026.1/bin/mafft:350 




Debug at: /opt/conda/envs/qiime2-amplicon-2026.1/bin/mafft:354 




Debug at: /opt/conda/envs/qiime2-amplicon-2026.1/bin/mafft:362 




Debug at: /opt/conda/envs/qiime2-amplicon-2026.1/bin/mafft:369 




Debug at: /opt/conda/envs/qiime2-amplicon-2026.1/bin/mafft:376 




Debug at: /opt/conda/envs/qiime2-amplicon-2026.1/bin/mafft:383 




Debug at: /opt/conda/envs/qiime2-amplicon-2026.1/bin/mafft:390 




Debug at: /opt/conda/envs/qiime2-amplicon-2026.1/bin/mafft:393 




Debug at: /opt/conda/envs/qiime2-amplicon-2026.1/bin/mafft:396 




Debug at: /opt/conda/envs/qiime2-amplicon-2026.1/bin/mafft:399 




Debug at: /opt/conda/envs/qiime2-amplicon-2026.1/bin/mafft:401 




Debug at: /opt/conda/envs/qiime2-amplicon-2026.1/bin/mafft:404 




Debug at: /opt/conda/envs/qiime2-amplicon-2026.1/bin/mafft:407 




Debug at: /opt/conda/envs/qiime2-amplicon-2026.1/bin/mafft:410 




Debug at: /opt/conda/envs/qiime2-amplicon-2026.1/bin/mafft:414 




Debug at: /opt/conda/envs/qiime2-amplicon-2026.1/bin/mafft:418 




Debug at: /opt/conda/envs/qiime2-amplicon-2026.1/bin/mafft:421 




Debug at: /opt/conda/envs/qiime2-amplicon-2026.1/bin/mafft:424 




Debug at: /opt/conda/envs/qiime2-amplicon-2026.1/bin/mafft:428 




Debug at: /opt/conda/envs/qiime2-amplicon-2026.1/bin/mafft:432 




Debug at: /opt/conda/envs/qiime2-amplicon-2026.1/bin/mafft:441 




Debug at: /opt/conda/envs/qiime2-amplicon-2026.1/bin/mafft:450 




Debug at: /opt/conda/envs/qiime2-amplicon-2026.1/bin/mafft:452 




Debug at: /opt/conda/envs/qiime2-amplicon-2026.1/bin/mafft:456 




Debug at: /opt/conda/envs/qiime2-amplicon-2026.1/bin/mafft:460 




Debug at: /opt/conda/envs/qiime2-amplicon-2026.1/bin/mafft:464 




Debug at: /opt/conda/envs/qiime2-amplicon-2026.1/bin/mafft:468 




Debug at: /opt/conda/envs/qiime2-amplicon-2026.1/bin/mafft:471 




Debug at: /opt/conda/envs/qiime2-amplicon-2026.1/bin/mafft:474 




Debug at: /opt/conda/envs/qiime2-amplicon-2026.1/bin/mafft:477 




Debug at: /opt/conda/envs/qiime2-amplicon-2026.1/bin/mafft:485 




Debug at: /opt/conda/envs/qiime2-amplicon-2026.1/bin/mafft:493 




Debug at: /opt/conda/envs/qiime2-amplicon-2026.1/bin/mafft:496 




Debug at: /opt/conda/envs/qiime2-amplicon-2026.1/bin/mafft:499 




Debug at: /opt/conda/envs/qiime2-amplicon-2026.1/bin/mafft:502 




Debug at: /opt/conda/envs/qiime2-amplicon-2026.1/bin/mafft:505 




Debug at: /opt/conda/envs/qiime2-amplicon-2026.1/bin/mafft:508 




Debug at: /opt/conda/envs/qiime2-amplicon-2026.1/bin/mafft:511 




Debug at: /opt/conda/envs/qiime2-amplicon-2026.1/bin/mafft:514 




Debug at: /opt/conda/envs/qiime2-amplicon-2026.1/bin/mafft:517 




Debug at: /opt/conda/envs/qiime2-amplicon-2026.1/bin/mafft:520 




Debug at: /opt/conda/envs/qiime2-amplicon-2026.1/bin/mafft:523 




Debug at: /opt/conda/envs/qiime2-amplicon-2026.1/bin/mafft:526 




Debug at: /opt/conda/envs/qiime2-amplicon-2026.1/bin/mafft:533 




Debug at: /opt/conda/envs/qiime2-amplicon-2026.1/bin/mafft:536 




Debug at: /opt/conda/envs/qiime2-amplicon-2026.1/bin/mafft:539 




Debug at: /opt/conda/envs/qiime2-amplicon-2026.1/bin/mafft:543 




Debug at: /opt/conda/envs/qiime2-amplicon-2026.1/bin/mafft:545 




Debug at: /opt/conda/envs/qiime2-amplicon-2026.1/bin/mafft:547 




Debug at: /opt/conda/envs/qiime2-amplicon-2026.1/bin/mafft:549 




Debug at: /opt/conda/envs/qiime2-amplicon-2026.1/bin/mafft:551 




Debug at: /opt/conda/envs/qiime2-amplicon-2026.1/bin/mafft:554 




Debug at: /opt/conda/envs/qiime2-amplicon-2026.1/bin/mafft:556 




Debug at: /opt/conda/envs/qiime2-amplicon-2026.1/bin/mafft:562 




Debug at: /opt/conda/envs/qiime2-amplicon-2026.1/bin/mafft:564 




Debug at: /opt/conda/envs/qiime2-amplicon-2026.1/bin/mafft:566 




Debug at: /opt/conda/envs/qiime2-amplicon-2026.1/bin/mafft:568 




Debug at: /opt/conda/envs/qiime2-amplicon-2026.1/bin/mafft:570 




Debug at: /opt/conda/envs/qiime2-amplicon-2026.1/bin/mafft:572 




Debug at: /opt/conda/envs/qiime2-amplicon-2026.1/bin/mafft:574 




Debug at: /opt/conda/envs/qiime2-amplicon-2026.1/bin/mafft:581 




Debug at: /opt/conda/envs/qiime2-amplicon-2026.1/bin/mafft:584 




Debug at: /opt/conda/envs/qiime2-amplicon-2026.1/bin/mafft:591 




Debug at: /opt/conda/envs/qiime2-amplicon-2026.1/bin/mafft:602 




Debug at: /opt/conda/envs/qiime2-amplicon-2026.1/bin/mafft:603 




Debug at: /opt/conda/envs/qiime2-amplicon-2026.1/bin/mafft:604 




Debug at: /opt/conda/envs/qiime2-amplicon-2026.1/bin/mafft:608 




Debug at: /opt/conda/envs/qiime2-amplicon-2026.1/bin/mafft:1063 




Debug at: /opt/conda/envs/qiime2-amplicon-2026.1/bin/mafft:328 




Debug at: /opt/conda/envs/qiime2-amplicon-2026.1/bin/mafft:1069 




Debug at: /opt/conda/envs/qiime2-amplicon-2026.1/bin/mafft:1069 




Debug at: /opt/conda/envs/qiime2-amplicon-2026.1/bin/mafft:1081 




Debug at: /opt/conda/envs/qiime2-amplicon-2026.1/bin/mafft:1082 




Debug at: /opt/conda/envs/qiime2-amplicon-2026.1/bin/mafft:1085 




Debug at: /opt/conda/envs/qiime2-amplicon-2026.1/bin/mafft:1086 

total 0



Debug at: /opt/conda/envs/qiime2-amplicon-2026.1/bin/mafft:1093 

total 0



Debug at: /opt/conda/envs/qiime2-amplicon-2026.1/bin/mafft:1095 

total 0



Debug at: /opt/conda/envs/qiime2-amplicon-2026.1/bin/mafft:1112 

total 0



Debug at: /opt/conda/envs/qiime2-amplicon-2026.1/bin/mafft:1118 

total 0



Debug at: /opt/conda/envs/qiime2-amplicon-2026.1/bin/mafft:1120 

total 0



Debug at: /opt/conda/envs/qiime2-amplicon-2026.1/bin/mafft:1121 

total 0



Debug at: /opt/conda/envs/qiime2-amplicon-2026.1/bin/mafft:1123 

total 0



Debug at: /opt/conda/envs/qiime2-amplicon-2026.1/bin/mafft:1124 

total 0



Debug at: /opt/conda/envs/qiime2-amplicon-2026.1/bin/mafft:1132 

total 0



Debug at: /opt/conda/envs/qiime2-amplicon-2026.1/bin/mafft:1132 

total 0



Debug at: /opt/conda/envs/qiime2-amplicon-2026.1/bin/mafft:1133 

total 44K
-rw-r--r-- 1 vscode vscode 41K Apr 28 06:38 infile



Debug at: /opt/conda/envs/qiime2-amplicon-2026.1/bin/mafft:1134 

total 44K
-rw-r--r-- 1 vscode vscode 41K Apr 28 06:38 infile



Debug at: /opt/conda/envs/qiime2-amplicon-2026.1/bin/mafft:1134 

total 44K
-rw-r--r-- 1 vscode vscode 41K Apr 28 06:38 infile



Debug at: /opt/conda/envs/qiime2-amplicon-2026.1/bin/mafft:1134 

total 44K
-rw-r--r-- 1 vscode vscode 41K Apr 28 06:38 infile



Debug at: /opt/conda/envs/qiime2-amplicon-2026.1/bin/mafft:1136 

total 44K
-rw-r--r-- 1 vscode vscode   0 Apr 28 06:38 _addfile
-rw-r--r-- 1 vscode vscode 41K Apr 28 06:38 infile



Debug at: /opt/conda/envs/qiime2-amplicon-2026.1/bin/mafft:1142 

total 44K
-rw-r--r-- 1 vscode vscode   0 Apr 28 06:38 _addfile
-rw-r--r-- 1 vscode vscode 41K Apr 28 06:38 infile



Debug at: /opt/conda/envs/qiime2-amplicon-2026.1/bin/mafft:1144 

total 44K
-rw-r--r-- 1 vscode vscode   0 Apr 28 06:38 _addfile
-rw-r--r-- 1 vscode vscode 41K Apr 28 06:38 infile



Debug at: /opt/conda/envs/qiime2-amplicon-2026.1/bin/mafft:1144 

total 44K
-rw-r--r-- 1 vscode vscode   0 Apr 28 06:38 _addfile
-rw-r--r-- 1 vscode vscode 41K Apr 28 06:38 infile



Debug at: /opt/conda/envs/qiime2-amplicon-2026.1/bin/mafft:1144 

total 44K
-rw-r--r-- 1 vscode vscode   0 Apr 28 06:38 _addfile
-rw-r--r-- 1 vscode vscode 41K Apr 28 06:38 infile



Debug at: /opt/conda/envs/qiime2-amplicon-2026.1/bin/mafft:1145 

total 44K
-rw-r--r-- 1 vscode vscode   0 Apr 28 06:38 _aamtx
-rw-r--r-- 1 vscode vscode   0 Apr 28 06:38 _addfile
-rw-r--r-- 1 vscode vscode 41K Apr 28 06:38 infile



Debug at: /opt/conda/envs/qiime2-amplicon-2026.1/bin/mafft:1145 

total 44K
-rw-r--r-- 1 vscode vscode   0 Apr 28 06:38 _aamtx
-rw-r--r-- 1 vscode vscode   0 Apr 28 06:38 _addfile
-rw-r--r-- 1 vscode vscode 41K Apr 28 06:38 infile



Debug at: /opt/conda/envs/qiime2-amplicon-2026.1/bin/mafft:1145 

total 44K
-rw-r--r-- 1 vscode vscode   0 Apr 28 06:38 _aamtx
-rw-r--r-- 1 vscode vscode   0 Apr 28 06:38 _addfile
-rw-r--r-- 1 vscode vscode 41K Apr 28 06:38 infile



Debug at: /opt/conda/envs/qiime2-amplicon-2026.1/bin/mafft:1146 

total 44K
-rw-r--r-- 1 vscode vscode   0 Apr 28 06:38 _aamtx
-rw-r--r-- 1 vscode vscode   0 Apr 28 06:38 _addfile
-rw-r--r-- 1 vscode vscode   0 Apr 28 06:38 _subalignmentstable
-rw-r--r-- 1 vscode vscode 41K Apr 28 06:38 infile



Debug at: /opt/conda/envs/qiime2-amplicon-2026.1/bin/mafft:1146 

total 44K
-rw-r--r-- 1 vscode vscode   0 Apr 28 06:38 _aamtx
-rw-r--r-- 1 vscode vscode   0 Apr 28 06:38 _addfile
-rw-r--r-- 1 vscode vscode   0 Apr 28 06:38 _subalignmentstable
-rw-r--r-- 1 vscode vscode 41K Apr 28 06:38 infile



Debug at: /opt/conda/envs/qiime2-amplicon-2026.1/bin/mafft:1146 

total 44K
-rw-r--r-- 1 vscode vscode   0 Apr 28 06:38 _aamtx
-rw-r--r-- 1 vscode vscode   0 Apr 28 06:38 _addfile
-rw-r--r-- 1 vscode vscode   0 Apr 28 06:38 _subalignmentstable
-rw-r--r-- 1 vscode vscode 41K Apr 28 06:38 infile



Debug at: /opt/conda/envs/qiime2-amplicon-2026.1/bin/mafft:1147 

total 44K
-rw-r--r-- 1 vscode vscode   0 Apr 28 06:38 _aamtx
-rw-r--r-- 1 vscode vscode   0 Apr 28 06:38 _addfile
-rw-r--r-- 1 vscode vscode   0 Apr 28 06:38 _guidetree
-rw-r--r-- 1 vscode vscode   0 Apr 28 06:38 _subalignmentstable
-rw-r--r-- 1 vscode vscode 41K Apr 28 06:38 infile



Debug at: /opt/conda/envs/qiime2-amplicon-2026.1/bin/mafft:1147 

total 44K
-rw-r--r-- 1 vscode vscode   0 Apr 28 06:38 _aamtx
-rw-r--r-- 1 vscode vscode   0 Apr 28 06:38 _addfile
-rw-r--r-- 1 vscode vscode   0 Apr 28 06:38 _guidetree
-rw-r--r-- 1 vscode vscode   0 Apr 28 06:38 _subalignmentstable
-rw-r--r-- 1 vscode vscode 41K Apr 28 06:38 infile



Debug at: /opt/conda/envs/qiime2-amplicon-2026.1/bin/mafft:1147 

total 44K
-rw-r--r-- 1 vscode vscode   0 Apr 28 06:38 _aamtx
-rw-r--r-- 1 vscode vscode   0 Apr 28 06:38 _addfile
-rw-r--r-- 1 vscode vscode   0 Apr 28 06:38 _guidetree
-rw-r--r-- 1 vscode vscode   0 Apr 28 06:38 _subalignmentstable
-rw-r--r-- 1 vscode vscode 41K Apr 28 06:38 infile



Debug at: /opt/conda/envs/qiime2-amplicon-2026.1/bin/mafft:1148 

total 44K
-rw-r--r-- 1 vscode vscode   0 Apr 28 06:38 _aamtx
-rw-r--r-- 1 vscode vscode   0 Apr 28 06:38 _addfile
-rw-r--r-- 1 vscode vscode   0 Apr 28 06:38 _codonpos
-rw-r--r-- 1 vscode vscode   0 Apr 28 06:38 _guidetree
-rw-r--r-- 1 vscode vscode   0 Apr 28 06:38 _subalignmentstable
-rw-r--r-- 1 vscode vscode 41K Apr 28 06:38 infile



Debug at: /opt/conda/envs/qiime2-amplicon-2026.1/bin/mafft:1148 

total 44K
-rw-r--r-- 1 vscode vscode   0 Apr 28 06:38 _aamtx
-rw-r--r-- 1 vscode vscode   0 Apr 28 06:38 _addfile
-rw-r--r-- 1 vscode vscode   0 Apr 28 06:38 _codonpos
-rw-r--r-- 1 vscode vscode   0 Apr 28 06:38 _guidetree
-rw-r--r-- 1 vscode vscode   0 Apr 28 06:38 _subalignmentstable
-rw-r--r-- 1 vscode vscode 41K Apr 28 06:38 infile



Debug at: /opt/conda/envs/qiime2-amplicon-2026.1/bin/mafft:1148 

total 44K
-rw-r--r-- 1 vscode vscode   0 Apr 28 06:38 _aamtx
-rw-r--r-- 1 vscode vscode   0 Apr 28 06:38 _addfile
-rw-r--r-- 1 vscode vscode   0 Apr 28 06:38 _codonpos
-rw-r--r-- 1 vscode vscode   0 Apr 28 06:38 _guidetree
-rw-r--r-- 1 vscode vscode   0 Apr 28 06:38 _subalignmentstable
-rw-r--r-- 1 vscode vscode 41K Apr 28 06:38 infile



Debug at: /opt/conda/envs/qiime2-amplicon-2026.1/bin/mafft:1149 

total 44K
-rw-r--r-- 1 vscode vscode   0 Apr 28 06:38 _aamtx
-rw-r--r-- 1 vscode vscode   0 Apr 28 06:38 _addfile
-rw-r--r-- 1 vscode vscode   0 Apr 28 06:38 _codonpos
-rw-r--r-- 1 vscode vscode   0 Apr 28 06:38 _codonscore
-rw-r--r-- 1 vscode vscode   0 Apr 28 06:38 _guidetree
-rw-r--r-- 1 vscode vscode   0 Apr 28 06:38 _subalignmentstable
-rw-r--r-- 1 vscode vscode 41K Apr 28 06:38 infile



Debug at: /opt/conda/envs/qiime2-amplicon-2026.1/bin/mafft:1149 

total 44K
-rw-r--r-- 1 vscode vscode   0 Apr 28 06:38 _aamtx
-rw-r--r-- 1 vscode vscode   0 Apr 28 06:38 _addfile
-rw-r--r-- 1 vscode vscode   0 Apr 28 06:38 _codonpos
-rw-r--r-- 1 vscode vscode   0 Apr 28 06:38 _codonscore
-rw-r--r-- 1 vscode vscode   0 Apr 28 06:38 _guidetree
-rw-r--r-- 1 vscode vscode   0 Apr 28 06:38 _subalignmentstable
-rw-r--r-- 1 vscode vscode 41K Apr 28 06:38 infile



Debug at: /opt/conda/envs/qiime2-amplicon-2026.1/bin/mafft:1149 

total 44K
-rw-r--r-- 1 vscode vscode   0 Apr 28 06:38 _aamtx
-rw-r--r-- 1 vscode vscode   0 Apr 28 06:38 _addfile
-rw-r--r-- 1 vscode vscode   0 Apr 28 06:38 _codonpos
-rw-r--r-- 1 vscode vscode   0 Apr 28 06:38 _codonscore
-rw-r--r-- 1 vscode vscode   0 Apr 28 06:38 _guidetree
-rw-r--r-- 1 vscode vscode   0 Apr 28 06:38 _subalignmentstable
-rw-r--r-- 1 vscode vscode 41K Apr 28 06:38 infile



Debug at: /opt/conda/envs/qiime2-amplicon-2026.1/bin/mafft:1150 

total 44K
-rw-r--r-- 1 vscode vscode   0 Apr 28 06:38 _aamtx
-rw-r--r-- 1 vscode vscode   0 Apr 28 06:38 _addfile
-rw-r--r-- 1 vscode vscode   0 Apr 28 06:38 _codonpos
-rw-r--r-- 1 vscode vscode   0 Apr 28 06:38 _codonscore
-rw-r--r-- 1 vscode vscode   0 Apr 28 06:38 _guidetree
-rw-r--r-- 1 vscode vscode   0 Apr 28 06:38 _seedtablefile
-rw-r--r-- 1 vscode vscode   0 Apr 28 06:38 _subalignmentstable
-rw-r--r-- 1 vscode vscode 41K Apr 28 06:38 infile



Debug at: /opt/conda/envs/qiime2-amplicon-2026.1/bin/mafft:1150 

total 44K
-rw-r--r-- 1 vscode vscode   0 Apr 28 06:38 _aamtx
-rw-r--r-- 1 vscode vscode   0 Apr 28 06:38 _addfile
-rw-r--r-- 1 vscode vscode   0 Apr 28 06:38 _codonpos
-rw-r--r-- 1 vscode vscode   0 Apr 28 06:38 _codonscore
-rw-r--r-- 1 vscode vscode   0 Apr 28 06:38 _guidetree
-rw-r--r-- 1 vscode vscode   0 Apr 28 06:38 _seedtablefile
-rw-r--r-- 1 vscode vscode   0 Apr 28 06:38 _subalignmentstable
-rw-r--r-- 1 vscode vscode 41K Apr 28 06:38 infile



Debug at: /opt/conda/envs/qiime2-amplicon-2026.1/bin/mafft:1150 

total 44K
-rw-r--r-- 1 vscode vscode   0 Apr 28 06:38 _aamtx
-rw-r--r-- 1 vscode vscode   0 Apr 28 06:38 _addfile
-rw-r--r-- 1 vscode vscode   0 Apr 28 06:38 _codonpos
-rw-r--r-- 1 vscode vscode   0 Apr 28 06:38 _codonscore
-rw-r--r-- 1 vscode vscode   0 Apr 28 06:38 _guidetree
-rw-r--r-- 1 vscode vscode   0 Apr 28 06:38 _seedtablefile
-rw-r--r-- 1 vscode vscode   0 Apr 28 06:38 _subalignmentstable
-rw-r--r-- 1 vscode vscode 41K Apr 28 06:38 infile



Debug at: /opt/conda/envs/qiime2-amplicon-2026.1/bin/mafft:1151 

total 44K
-rw-r--r-- 1 vscode vscode   0 Apr 28 06:38 _aamtx
-rw-r--r-- 1 vscode vscode   0 Apr 28 06:38 _addfile
-rw-r--r-- 1 vscode vscode   0 Apr 28 06:38 _codonpos
-rw-r--r-- 1 vscode vscode   0 Apr 28 06:38 _codonscore
-rw-r--r-- 1 vscode vscode   0 Apr 28 06:38 _guidetree
-rw-r--r-- 1 vscode vscode   0 Apr 28 06:38 _lara.params
-rw-r--r-- 1 vscode vscode   0 Apr 28 06:38 _seedtablefile
-rw-r--r-- 1 vscode vscode   0 Apr 28 06:38 _subalignmentstable
-rw-r--r-- 1 vscode vscode 41K Apr 28 06:38 infile



Debug at: /opt/conda/envs/qiime2-amplicon-2026.1/bin/mafft:1151 

total 44K
-rw-r--r-- 1 vscode vscode   0 Apr 28 06:38 _aamtx
-rw-r--r-- 1 vscode vscode   0 Apr 28 06:38 _addfile
-rw-r--r-- 1 vscode vscode   0 Apr 28 06:38 _codonpos
-rw-r--r-- 1 vscode vscode   0 Apr 28 06:38 _codonscore
-rw-r--r-- 1 vscode vscode   0 Apr 28 06:38 _guidetree
-rw-r--r-- 1 vscode vscode   0 Apr 28 06:38 _lara.params
-rw-r--r-- 1 vscode vscode   0 Apr 28 06:38 _seedtablefile
-rw-r--r-- 1 vscode vscode   0 Apr 28 06:38 _subalignmentstable
-rw-r--r-- 1 vscode vscode 41K Apr 28 06:38 infile



Debug at: /opt/conda/envs/qiime2-amplicon-2026.1/bin/mafft:1151 

total 44K
-rw-r--r-- 1 vscode vscode   0 Apr 28 06:38 _aamtx
-rw-r--r-- 1 vscode vscode   0 Apr 28 06:38 _addfile
-rw-r--r-- 1 vscode vscode   0 Apr 28 06:38 _codonpos
-rw-r--r-- 1 vscode vscode   0 Apr 28 06:38 _codonscore
-rw-r--r-- 1 vscode vscode   0 Apr 28 06:38 _guidetree
-rw-r--r-- 1 vscode vscode   0 Apr 28 06:38 _lara.params
-rw-r--r-- 1 vscode vscode   0 Apr 28 06:38 _seedtablefile
-rw-r--r-- 1 vscode vscode   0 Apr 28 06:38 _subalignmentstable
-rw-r--r-- 1 vscode vscode 41K Apr 28 06:38 infile



Debug at: /opt/conda/envs/qiime2-amplicon-2026.1/bin/mafft:1152 

total 44K
-rw-r--r-- 1 vscode vscode   0 Apr 28 06:38 _aamtx
-rw-r--r-- 1 vscode vscode   0 Apr 28 06:38 _addfile
-rw-r--r-- 1 vscode vscode   0 Apr 28 06:38 _codonpos
-rw-r--r-- 1 vscode vscode   0 Apr 28 06:38 _codonscore
-rw-r--r-- 1 vscode vscode   0 Apr 28 06:38 _guidetree
-rw-r--r-- 1 vscode vscode   0 Apr 28 06:38 _lara.params
-rw-r--r-- 1 vscode vscode   0 Apr 28 06:38 _seedtablefile
-rw-r--r-- 1 vscode vscode   0 Apr 28 06:38 _subalignmentstable
-rw-r--r-- 1 vscode vscode 41K Apr 28 06:38 infile
-rw-r--r-- 1 vscode vscode   0 Apr 28 06:38 pdblist



Debug at: /opt/conda/envs/qiime2-amplicon-2026.1/bin/mafft:1152 

total 44K
-rw-r--r-- 1 vscode vscode   0 Apr 28 06:38 _aamtx
-rw-r--r-- 1 vscode vscode   0 Apr 28 06:38 _addfile
-rw-r--r-- 1 vscode vscode   0 Apr 28 06:38 _codonpos
-rw-r--r-- 1 vscode vscode   0 Apr 28 06:38 _codonscore
-rw-r--r-- 1 vscode vscode   0 Apr 28 06:38 _guidetree
-rw-r--r-- 1 vscode vscode   0 Apr 28 06:38 _lara.params
-rw-r--r-- 1 vscode vscode   0 Apr 28 06:38 _seedtablefile
-rw-r--r-- 1 vscode vscode   0 Apr 28 06:38 _subalignmentstable
-rw-r--r-- 1 vscode vscode 41K Apr 28 06:38 infile
-rw-r--r-- 1 vscode vscode   0 Apr 28 06:38 pdblist



Debug at: /opt/conda/envs/qiime2-amplicon-2026.1/bin/mafft:1152 

total 44K
-rw-r--r-- 1 vscode vscode   0 Apr 28 06:38 _aamtx
-rw-r--r-- 1 vscode vscode   0 Apr 28 06:38 _addfile
-rw-r--r-- 1 vscode vscode   0 Apr 28 06:38 _codonpos
-rw-r--r-- 1 vscode vscode   0 Apr 28 06:38 _codonscore
-rw-r--r-- 1 vscode vscode   0 Apr 28 06:38 _guidetree
-rw-r--r-- 1 vscode vscode   0 Apr 28 06:38 _lara.params
-rw-r--r-- 1 vscode vscode   0 Apr 28 06:38 _seedtablefile
-rw-r--r-- 1 vscode vscode   0 Apr 28 06:38 _subalignmentstable
-rw-r--r-- 1 vscode vscode 41K Apr 28 06:38 infile
-rw-r--r-- 1 vscode vscode   0 Apr 28 06:38 pdblist



Debug at: /opt/conda/envs/qiime2-amplicon-2026.1/bin/mafft:1153 

total 44K
-rw-r--r-- 1 vscode vscode   0 Apr 28 06:38 _aamtx
-rw-r--r-- 1 vscode vscode   0 Apr 28 06:38 _addfile
-rw-r--r-- 1 vscode vscode   0 Apr 28 06:38 _codonpos
-rw-r--r-- 1 vscode vscode   0 Apr 28 06:38 _codonscore
-rw-r--r-- 1 vscode vscode   0 Apr 28 06:38 _guidetree
-rw-r--r-- 1 vscode vscode   0 Apr 28 06:38 _lara.params
-rw-r--r-- 1 vscode vscode   0 Apr 28 06:38 _seedtablefile
-rw-r--r-- 1 vscode vscode   0 Apr 28 06:38 _subalignmentstable
-rw-r--r-- 1 vscode vscode 41K Apr 28 06:38 infile
-rw-r--r-- 1 vscode vscode   0 Apr 28 06:38 ownlist
-rw-r--r-- 1 vscode vscode   0 Apr 28 06:38 pdblist



Debug at: /opt/conda/envs/qiime2-amplicon-2026.1/bin/mafft:1153 

total 44K
-rw-r--r-- 1 vscode vscode   0 Apr 28 06:38 _aamtx
-rw-r--r-- 1 vscode vscode   0 Apr 28 06:38 _addfile
-rw-r--r-- 1 vscode vscode   0 Apr 28 06:38 _codonpos
-rw-r--r-- 1 vscode vscode   0 Apr 28 06:38 _codonscore
-rw-r--r-- 1 vscode vscode   0 Apr 28 06:38 _guidetree
-rw-r--r-- 1 vscode vscode   0 Apr 28 06:38 _lara.params
-rw-r--r-- 1 vscode vscode   0 Apr 28 06:38 _seedtablefile
-rw-r--r-- 1 vscode vscode   0 Apr 28 06:38 _subalignmentstable
-rw-r--r-- 1 vscode vscode 41K Apr 28 06:38 infile
-rw-r--r-- 1 vscode vscode   0 Apr 28 06:38 ownlist
-rw-r--r-- 1 vscode vscode   0 Apr 28 06:38 pdblist



Debug at: /opt/conda/envs/qiime2-amplicon-2026.1/bin/mafft:1153 

total 44K
-rw-r--r-- 1 vscode vscode   0 Apr 28 06:38 _aamtx
-rw-r--r-- 1 vscode vscode   0 Apr 28 06:38 _addfile
-rw-r--r-- 1 vscode vscode   0 Apr 28 06:38 _codonpos
-rw-r--r-- 1 vscode vscode   0 Apr 28 06:38 _codonscore
-rw-r--r-- 1 vscode vscode   0 Apr 28 06:38 _guidetree
-rw-r--r-- 1 vscode vscode   0 Apr 28 06:38 _lara.params
-rw-r--r-- 1 vscode vscode   0 Apr 28 06:38 _seedtablefile
-rw-r--r-- 1 vscode vscode   0 Apr 28 06:38 _subalignmentstable
-rw-r--r-- 1 vscode vscode 41K Apr 28 06:38 infile
-rw-r--r-- 1 vscode vscode   0 Apr 28 06:38 ownlist
-rw-r--r-- 1 vscode vscode   0 Apr 28 06:38 pdblist



Debug at: /opt/conda/envs/qiime2-amplicon-2026.1/bin/mafft:1155 

total 44K
-rw-r--r-- 1 vscode vscode   0 Apr 28 06:38 _aamtx
-rw-r--r-- 1 vscode vscode   0 Apr 28 06:38 _addfile
-rw-r--r-- 1 vscode vscode   0 Apr 28 06:38 _codonpos
-rw-r--r-- 1 vscode vscode   0 Apr 28 06:38 _codonscore
-rw-r--r-- 1 vscode vscode   0 Apr 28 06:38 _externalanchors
-rw-r--r-- 1 vscode vscode   0 Apr 28 06:38 _guidetree
-rw-r--r-- 1 vscode vscode   0 Apr 28 06:38 _lara.params
-rw-r--r-- 1 vscode vscode   0 Apr 28 06:38 _seedtablefile
-rw-r--r-- 1 vscode vscode   0 Apr 28 06:38 _subalignmentstable
-rw-r--r-- 1 vscode vscode 41K Apr 28 06:38 infile
-rw-r--r-- 1 vscode vscode   0 Apr 28 06:38 ownlist
-rw-r--r-- 1 vscode vscode   0 Apr 28 06:38 pdblist



Debug at: /opt/conda/envs/qiime2-amplicon-2026.1/bin/mafft:1157 

total 44K
-rw-r--r-- 1 vscode vscode   0 Apr 28 06:38 _aamtx
-rw-r--r-- 1 vscode vscode   0 Apr 28 06:38 _addfile
-rw-r--r-- 1 vscode vscode   0 Apr 28 06:38 _codonpos
-rw-r--r-- 1 vscode vscode   0 Apr 28 06:38 _codonscore
-rw-r--r-- 1 vscode vscode   0 Apr 28 06:38 _externalanchors
-rw-r--r-- 1 vscode vscode   0 Apr 28 06:38 _guidetree
-rw-r--r-- 1 vscode vscode   0 Apr 28 06:38 _lara.params
-rw-r--r-- 1 vscode vscode   0 Apr 28 06:38 _seedtablefile
-rw-r--r-- 1 vscode vscode   0 Apr 28 06:38 _subalignmentstable
-rw-r--r-- 1 vscode vscode 41K Apr 28 06:38 infile
-rw-r--r-- 1 vscode vscode   0 Apr 28 06:38 ownlist
-rw-r--r-- 1 vscode vscode   0 Apr 28 06:38 pdblist



Debug at: /opt/conda/envs/qiime2-amplicon-2026.1/bin/mafft:1168 

total 44K
-rw-r--r-- 1 vscode vscode   0 Apr 28 06:38 _aamtx
-rw-r--r-- 1 vscode vscode   0 Apr 28 06:38 _addfile
-rw-r--r-- 1 vscode vscode   0 Apr 28 06:38 _codonpos
-rw-r--r-- 1 vscode vscode   0 Apr 28 06:38 _codonscore
-rw-r--r-- 1 vscode vscode   0 Apr 28 06:38 _externalanchors
-rw-r--r-- 1 vscode vscode   0 Apr 28 06:38 _guidetree
-rw-r--r-- 1 vscode vscode   0 Apr 28 06:38 _lara.params
-rw-r--r-- 1 vscode vscode   0 Apr 28 06:38 _seedtablefile
-rw-r--r-- 1 vscode vscode   0 Apr 28 06:38 _subalignmentstable
-rw-r--r-- 1 vscode vscode 41K Apr 28 06:38 infile
-rw-r--r-- 1 vscode vscode   0 Apr 28 06:38 ownlist
-rw-r--r-- 1 vscode vscode   0 Apr 28 06:38 pdblist



Debug at: /opt/conda/envs/qiime2-amplicon-2026.1/bin/mafft:1169 

total 44K
-rw-r--r-- 1 vscode vscode   0 Apr 28 06:38 _aamtx
-rw-r--r-- 1 vscode vscode   0 Apr 28 06:38 _addfile
-rw-r--r-- 1 vscode vscode   0 Apr 28 06:38 _codonpos
-rw-r--r-- 1 vscode vscode   0 Apr 28 06:38 _codonscore
-rw-r--r-- 1 vscode vscode   0 Apr 28 06:38 _externalanchors
-rw-r--r-- 1 vscode vscode   0 Apr 28 06:38 _guidetree
-rw-r--r-- 1 vscode vscode   0 Apr 28 06:38 _lara.params
-rw-r--r-- 1 vscode vscode   0 Apr 28 06:38 _seedtablefile
-rw-r--r-- 1 vscode vscode   0 Apr 28 06:38 _subalignmentstable
-rw-r--r-- 1 vscode vscode 41K Apr 28 06:38 infile
-rw-r--r-- 1 vscode vscode   0 Apr 28 06:38 ownlist
-rw-r--r-- 1 vscode vscode   0 Apr 28 06:38 pdblist



Debug at: /opt/conda/envs/qiime2-amplicon-2026.1/bin/mafft:1170 

total 44K
-rw-r--r-- 1 vscode vscode   0 Apr 28 06:38 _aamtx
-rw-r--r-- 1 vscode vscode   0 Apr 28 06:38 _addfile
-rw-r--r-- 1 vscode vscode   0 Apr 28 06:38 _codonpos
-rw-r--r-- 1 vscode vscode   0 Apr 28 06:38 _codonscore
-rw-r--r-- 1 vscode vscode   0 Apr 28 06:38 _externalanchors
-rw-r--r-- 1 vscode vscode   0 Apr 28 06:38 _guidetree
-rw-r--r-- 1 vscode vscode   0 Apr 28 06:38 _lara.params
-rw-r--r-- 1 vscode vscode   0 Apr 28 06:38 _seedtablefile
-rw-r--r-- 1 vscode vscode   0 Apr 28 06:38 _subalignmentstable
-rw-r--r-- 1 vscode vscode 41K Apr 28 06:38 infile
-rw-r--r-- 1 vscode vscode   0 Apr 28 06:38 ownlist
-rw-r--r-- 1 vscode vscode   0 Apr 28 06:38 pdblist



Debug at: /opt/conda/envs/qiime2-amplicon-2026.1/bin/mafft:1170 

total 44K
-rw-r--r-- 1 vscode vscode   0 Apr 28 06:38 _aamtx
-rw-r--r-- 1 vscode vscode   0 Apr 28 06:38 _addfile
-rw-r--r-- 1 vscode vscode   0 Apr 28 06:38 _codonpos
-rw-r--r-- 1 vscode vscode   0 Apr 28 06:38 _codonscore
-rw-r--r-- 1 vscode vscode   0 Apr 28 06:38 _externalanchors
-rw-r--r-- 1 vscode vscode   0 Apr 28 06:38 _guidetree
-rw-r--r-- 1 vscode vscode   0 Apr 28 06:38 _lara.params
-rw-r--r-- 1 vscode vscode   0 Apr 28 06:38 _seedtablefile
-rw-r--r-- 1 vscode vscode   0 Apr 28 06:38 _subalignmentstable
-rw-r--r-- 1 vscode vscode 41K Apr 28 06:38 infile
-rw-r--r-- 1 vscode vscode   0 Apr 28 06:38 ownlist
-rw-r--r-- 1 vscode vscode   0 Apr 28 06:38 pdblist



Debug at: /opt/conda/envs/qiime2-amplicon-2026.1/bin/mafft:1169 

total 44K
-rw-r--r-- 1 vscode vscode   0 Apr 28 06:38 _aamtx
-rw-r--r-- 1 vscode vscode   0 Apr 28 06:38 _addfile
-rw-r--r-- 1 vscode vscode   0 Apr 28 06:38 _codonpos
-rw-r--r-- 1 vscode vscode   0 Apr 28 06:38 _codonscore
-rw-r--r-- 1 vscode vscode   0 Apr 28 06:38 _externalanchors
-rw-r--r-- 1 vscode vscode   0 Apr 28 06:38 _guidetree
-rw-r--r-- 1 vscode vscode   0 Apr 28 06:38 _lara.params
-rw-r--r-- 1 vscode vscode   0 Apr 28 06:38 _seedtablefile
-rw-r--r-- 1 vscode vscode   0 Apr 28 06:38 _subalignmentstable
-rw-r--r-- 1 vscode vscode 41K Apr 28 06:38 infile
-rw-r--r-- 1 vscode vscode   0 Apr 28 06:38 ownlist
-rw-r--r-- 1 vscode vscode   0 Apr 28 06:38 pdblist



Debug at: /opt/conda/envs/qiime2-amplicon-2026.1/bin/mafft:1170 

total 44K
-rw-r--r-- 1 vscode vscode   0 Apr 28 06:38 _aamtx
-rw-r--r-- 1 vscode vscode   0 Apr 28 06:38 _addfile
-rw-r--r-- 1 vscode vscode   0 Apr 28 06:38 _codonpos
-rw-r--r-- 1 vscode vscode   0 Apr 28 06:38 _codonscore
-rw-r--r-- 1 vscode vscode   0 Apr 28 06:38 _externalanchors
-rw-r--r-- 1 vscode vscode   0 Apr 28 06:38 _guidetree
-rw-r--r-- 1 vscode vscode   0 Apr 28 06:38 _lara.params
-rw-r--r-- 1 vscode vscode   0 Apr 28 06:38 _seedtablefile
-rw-r--r-- 1 vscode vscode   0 Apr 28 06:38 _subalignmentstable
-rw-r--r-- 1 vscode vscode 41K Apr 28 06:38 infile
-rw-r--r-- 1 vscode vscode   0 Apr 28 06:38 ownlist
-rw-r--r-- 1 vscode vscode   0 Apr 28 06:38 pdblist



Debug at: /opt/conda/envs/qiime2-amplicon-2026.1/bin/mafft:1170 

total 44K
-rw-r--r-- 1 vscode vscode   0 Apr 28 06:38 _aamtx
-rw-r--r-- 1 vscode vscode   0 Apr 28 06:38 _addfile
-rw-r--r-- 1 vscode vscode   0 Apr 28 06:38 _codonpos
-rw-r--r-- 1 vscode vscode   0 Apr 28 06:38 _codonscore
-rw-r--r-- 1 vscode vscode   0 Apr 28 06:38 _externalanchors
-rw-r--r-- 1 vscode vscode   0 Apr 28 06:38 _guidetree
-rw-r--r-- 1 vscode vscode   0 Apr 28 06:38 _lara.params
-rw-r--r-- 1 vscode vscode   0 Apr 28 06:38 _seedtablefile
-rw-r--r-- 1 vscode vscode   0 Apr 28 06:38 _subalignmentstable
-rw-r--r-- 1 vscode vscode 41K Apr 28 06:38 infile
-rw-r--r-- 1 vscode vscode   0 Apr 28 06:38 ownlist
-rw-r--r-- 1 vscode vscode   0 Apr 28 06:38 pdblist



Debug at: /opt/conda/envs/qiime2-amplicon-2026.1/bin/mafft:1169 

total 44K
-rw-r--r-- 1 vscode vscode   0 Apr 28 06:38 _aamtx
-rw-r--r-- 1 vscode vscode   0 Apr 28 06:38 _addfile
-rw-r--r-- 1 vscode vscode   0 Apr 28 06:38 _codonpos
-rw-r--r-- 1 vscode vscode   0 Apr 28 06:38 _codonscore
-rw-r--r-- 1 vscode vscode   0 Apr 28 06:38 _externalanchors
-rw-r--r-- 1 vscode vscode   0 Apr 28 06:38 _guidetree
-rw-r--r-- 1 vscode vscode   0 Apr 28 06:38 _lara.params
-rw-r--r-- 1 vscode vscode   0 Apr 28 06:38 _seedtablefile
-rw-r--r-- 1 vscode vscode   0 Apr 28 06:38 _subalignmentstable
-rw-r--r-- 1 vscode vscode 41K Apr 28 06:38 infile
-rw-r--r-- 1 vscode vscode   0 Apr 28 06:38 ownlist
-rw-r--r-- 1 vscode vscode   0 Apr 28 06:38 pdblist



Debug at: /opt/conda/envs/qiime2-amplicon-2026.1/bin/mafft:1170 

total 44K
-rw-r--r-- 1 vscode vscode   0 Apr 28 06:38 _aamtx
-rw-r--r-- 1 vscode vscode   0 Apr 28 06:38 _addfile
-rw-r--r-- 1 vscode vscode   0 Apr 28 06:38 _codonpos
-rw-r--r-- 1 vscode vscode   0 Apr 28 06:38 _codonscore
-rw-r--r-- 1 vscode vscode   0 Apr 28 06:38 _externalanchors
-rw-r--r-- 1 vscode vscode   0 Apr 28 06:38 _guidetree
-rw-r--r-- 1 vscode vscode   0 Apr 28 06:38 _lara.params
-rw-r--r-- 1 vscode vscode   0 Apr 28 06:38 _seedtablefile
-rw-r--r-- 1 vscode vscode   0 Apr 28 06:38 _subalignmentstable
-rw-r--r-- 1 vscode vscode 41K Apr 28 06:38 infile
-rw-r--r-- 1 vscode vscode   0 Apr 28 06:38 ownlist
-rw-r--r-- 1 vscode vscode   0 Apr 28 06:38 pdblist



Debug at: /opt/conda/envs/qiime2-amplicon-2026.1/bin/mafft:1170 

total 44K
-rw-r--r-- 1 vscode vscode   0 Apr 28 06:38 _aamtx
-rw-r--r-- 1 vscode vscode   0 Apr 28 06:38 _addfile
-rw-r--r-- 1 vscode vscode   0 Apr 28 06:38 _codonpos
-rw-r--r-- 1 vscode vscode   0 Apr 28 06:38 _codonscore
-rw-r--r-- 1 vscode vscode   0 Apr 28 06:38 _externalanchors
-rw-r--r-- 1 vscode vscode   0 Apr 28 06:38 _guidetree
-rw-r--r-- 1 vscode vscode   0 Apr 28 06:38 _lara.params
-rw-r--r-- 1 vscode vscode   0 Apr 28 06:38 _seedtablefile
-rw-r--r-- 1 vscode vscode   0 Apr 28 06:38 _subalignmentstable
-rw-r--r-- 1 vscode vscode 41K Apr 28 06:38 infile
-rw-r--r-- 1 vscode vscode   0 Apr 28 06:38 ownlist
-rw-r--r-- 1 vscode vscode   0 Apr 28 06:38 pdblist



Debug at: /opt/conda/envs/qiime2-amplicon-2026.1/bin/mafft:1169 

total 44K
-rw-r--r-- 1 vscode vscode   0 Apr 28 06:38 _aamtx
-rw-r--r-- 1 vscode vscode   0 Apr 28 06:38 _addfile
-rw-r--r-- 1 vscode vscode   0 Apr 28 06:38 _codonpos
-rw-r--r-- 1 vscode vscode   0 Apr 28 06:38 _codonscore
-rw-r--r-- 1 vscode vscode   0 Apr 28 06:38 _externalanchors
-rw-r--r-- 1 vscode vscode   0 Apr 28 06:38 _guidetree
-rw-r--r-- 1 vscode vscode   0 Apr 28 06:38 _lara.params
-rw-r--r-- 1 vscode vscode   0 Apr 28 06:38 _seedtablefile
-rw-r--r-- 1 vscode vscode   0 Apr 28 06:38 _subalignmentstable
-rw-r--r-- 1 vscode vscode 41K Apr 28 06:38 infile
-rw-r--r-- 1 vscode vscode   0 Apr 28 06:38 ownlist
-rw-r--r-- 1 vscode vscode   0 Apr 28 06:38 pdblist



Debug at: /opt/conda/envs/qiime2-amplicon-2026.1/bin/mafft:1170 

total 44K
-rw-r--r-- 1 vscode vscode   0 Apr 28 06:38 _aamtx
-rw-r--r-- 1 vscode vscode   0 Apr 28 06:38 _addfile
-rw-r--r-- 1 vscode vscode   0 Apr 28 06:38 _codonpos
-rw-r--r-- 1 vscode vscode   0 Apr 28 06:38 _codonscore
-rw-r--r-- 1 vscode vscode   0 Apr 28 06:38 _externalanchors
-rw-r--r-- 1 vscode vscode   0 Apr 28 06:38 _guidetree
-rw-r--r-- 1 vscode vscode   0 Apr 28 06:38 _lara.params
-rw-r--r-- 1 vscode vscode   0 Apr 28 06:38 _seedtablefile
-rw-r--r-- 1 vscode vscode   0 Apr 28 06:38 _subalignmentstable
-rw-r--r-- 1 vscode vscode 41K Apr 28 06:38 infile
-rw-r--r-- 1 vscode vscode   0 Apr 28 06:38 ownlist
-rw-r--r-- 1 vscode vscode   0 Apr 28 06:38 pdblist



Debug at: /opt/conda/envs/qiime2-amplicon-2026.1/bin/mafft:1170 

total 44K
-rw-r--r-- 1 vscode vscode   0 Apr 28 06:38 _aamtx
-rw-r--r-- 1 vscode vscode   0 Apr 28 06:38 _addfile
-rw-r--r-- 1 vscode vscode   0 Apr 28 06:38 _codonpos
-rw-r--r-- 1 vscode vscode   0 Apr 28 06:38 _codonscore
-rw-r--r-- 1 vscode vscode   0 Apr 28 06:38 _externalanchors
-rw-r--r-- 1 vscode vscode   0 Apr 28 06:38 _guidetree
-rw-r--r-- 1 vscode vscode   0 Apr 28 06:38 _lara.params
-rw-r--r-- 1 vscode vscode   0 Apr 28 06:38 _seedtablefile
-rw-r--r-- 1 vscode vscode   0 Apr 28 06:38 _subalignmentstable
-rw-r--r-- 1 vscode vscode 41K Apr 28 06:38 infile
-rw-r--r-- 1 vscode vscode   0 Apr 28 06:38 ownlist
-rw-r--r-- 1 vscode vscode   0 Apr 28 06:38 pdblist



Debug at: /opt/conda/envs/qiime2-amplicon-2026.1/bin/mafft:1169 

total 44K
-rw-r--r-- 1 vscode vscode   0 Apr 28 06:38 _aamtx
-rw-r--r-- 1 vscode vscode   0 Apr 28 06:38 _addfile
-rw-r--r-- 1 vscode vscode   0 Apr 28 06:38 _codonpos
-rw-r--r-- 1 vscode vscode   0 Apr 28 06:38 _codonscore
-rw-r--r-- 1 vscode vscode   0 Apr 28 06:38 _externalanchors
-rw-r--r-- 1 vscode vscode   0 Apr 28 06:38 _guidetree
-rw-r--r-- 1 vscode vscode   0 Apr 28 06:38 _lara.params
-rw-r--r-- 1 vscode vscode   0 Apr 28 06:38 _seedtablefile
-rw-r--r-- 1 vscode vscode   0 Apr 28 06:38 _subalignmentstable
-rw-r--r-- 1 vscode vscode 41K Apr 28 06:38 infile
-rw-r--r-- 1 vscode vscode   0 Apr 28 06:38 ownlist
-rw-r--r-- 1 vscode vscode   0 Apr 28 06:38 pdblist



Debug at: /opt/conda/envs/qiime2-amplicon-2026.1/bin/mafft:1170 

total 44K
-rw-r--r-- 1 vscode vscode   0 Apr 28 06:38 _aamtx
-rw-r--r-- 1 vscode vscode   0 Apr 28 06:38 _addfile
-rw-r--r-- 1 vscode vscode   0 Apr 28 06:38 _codonpos
-rw-r--r-- 1 vscode vscode   0 Apr 28 06:38 _codonscore
-rw-r--r-- 1 vscode vscode   0 Apr 28 06:38 _externalanchors
-rw-r--r-- 1 vscode vscode   0 Apr 28 06:38 _guidetree
-rw-r--r-- 1 vscode vscode   0 Apr 28 06:38 _lara.params
-rw-r--r-- 1 vscode vscode   0 Apr 28 06:38 _seedtablefile
-rw-r--r-- 1 vscode vscode   0 Apr 28 06:38 _subalignmentstable
-rw-r--r-- 1 vscode vscode 41K Apr 28 06:38 infile
-rw-r--r-- 1 vscode vscode   0 Apr 28 06:38 ownlist
-rw-r--r-- 1 vscode vscode   0 Apr 28 06:38 pdblist



Debug at: /opt/conda/envs/qiime2-amplicon-2026.1/bin/mafft:1170 

total 44K
-rw-r--r-- 1 vscode vscode   0 Apr 28 06:38 _aamtx
-rw-r--r-- 1 vscode vscode   0 Apr 28 06:38 _addfile
-rw-r--r-- 1 vscode vscode   0 Apr 28 06:38 _codonpos
-rw-r--r-- 1 vscode vscode   0 Apr 28 06:38 _codonscore
-rw-r--r-- 1 vscode vscode   0 Apr 28 06:38 _externalanchors
-rw-r--r-- 1 vscode vscode   0 Apr 28 06:38 _guidetree
-rw-r--r-- 1 vscode vscode   0 Apr 28 06:38 _lara.params
-rw-r--r-- 1 vscode vscode   0 Apr 28 06:38 _seedtablefile
-rw-r--r-- 1 vscode vscode   0 Apr 28 06:38 _subalignmentstable
-rw-r--r-- 1 vscode vscode 41K Apr 28 06:38 infile
-rw-r--r-- 1 vscode vscode   0 Apr 28 06:38 ownlist
-rw-r--r-- 1 vscode vscode   0 Apr 28 06:38 pdblist



Debug at: /opt/conda/envs/qiime2-amplicon-2026.1/bin/mafft:1169 

total 44K
-rw-r--r-- 1 vscode vscode   0 Apr 28 06:38 _aamtx
-rw-r--r-- 1 vscode vscode   0 Apr 28 06:38 _addfile
-rw-r--r-- 1 vscode vscode   0 Apr 28 06:38 _codonpos
-rw-r--r-- 1 vscode vscode   0 Apr 28 06:38 _codonscore
-rw-r--r-- 1 vscode vscode   0 Apr 28 06:38 _externalanchors
-rw-r--r-- 1 vscode vscode   0 Apr 28 06:38 _guidetree
-rw-r--r-- 1 vscode vscode   0 Apr 28 06:38 _lara.params
-rw-r--r-- 1 vscode vscode   0 Apr 28 06:38 _seedtablefile
-rw-r--r-- 1 vscode vscode   0 Apr 28 06:38 _subalignmentstable
-rw-r--r-- 1 vscode vscode 41K Apr 28 06:38 infile
-rw-r--r-- 1 vscode vscode   0 Apr 28 06:38 ownlist
-rw-r--r-- 1 vscode vscode   0 Apr 28 06:38 pdblist



Debug at: /opt/conda/envs/qiime2-amplicon-2026.1/bin/mafft:1170 

total 44K
-rw-r--r-- 1 vscode vscode   0 Apr 28 06:38 _aamtx
-rw-r--r-- 1 vscode vscode   0 Apr 28 06:38 _addfile
-rw-r--r-- 1 vscode vscode   0 Apr 28 06:38 _codonpos
-rw-r--r-- 1 vscode vscode   0 Apr 28 06:38 _codonscore
-rw-r--r-- 1 vscode vscode   0 Apr 28 06:38 _externalanchors
-rw-r--r-- 1 vscode vscode   0 Apr 28 06:38 _guidetree
-rw-r--r-- 1 vscode vscode   0 Apr 28 06:38 _lara.params
-rw-r--r-- 1 vscode vscode   0 Apr 28 06:38 _seedtablefile
-rw-r--r-- 1 vscode vscode   0 Apr 28 06:38 _subalignmentstable
-rw-r--r-- 1 vscode vscode 41K Apr 28 06:38 infile
-rw-r--r-- 1 vscode vscode   0 Apr 28 06:38 ownlist
-rw-r--r-- 1 vscode vscode   0 Apr 28 06:38 pdblist



Debug at: /opt/conda/envs/qiime2-amplicon-2026.1/bin/mafft:1170 

total 44K
-rw-r--r-- 1 vscode vscode   0 Apr 28 06:38 _aamtx
-rw-r--r-- 1 vscode vscode   0 Apr 28 06:38 _addfile
-rw-r--r-- 1 vscode vscode   0 Apr 28 06:38 _codonpos
-rw-r--r-- 1 vscode vscode   0 Apr 28 06:38 _codonscore
-rw-r--r-- 1 vscode vscode   0 Apr 28 06:38 _externalanchors
-rw-r--r-- 1 vscode vscode   0 Apr 28 06:38 _guidetree
-rw-r--r-- 1 vscode vscode   0 Apr 28 06:38 _lara.params
-rw-r--r-- 1 vscode vscode   0 Apr 28 06:38 _seedtablefile
-rw-r--r-- 1 vscode vscode   0 Apr 28 06:38 _subalignmentstable
-rw-r--r-- 1 vscode vscode 41K Apr 28 06:38 infile
-rw-r--r-- 1 vscode vscode   0 Apr 28 06:38 ownlist
-rw-r--r-- 1 vscode vscode   0 Apr 28 06:38 pdblist



Debug at: /opt/conda/envs/qiime2-amplicon-2026.1/bin/mafft:1169 

total 44K
-rw-r--r-- 1 vscode vscode   0 Apr 28 06:38 _aamtx
-rw-r--r-- 1 vscode vscode   0 Apr 28 06:38 _addfile
-rw-r--r-- 1 vscode vscode   0 Apr 28 06:38 _codonpos
-rw-r--r-- 1 vscode vscode   0 Apr 28 06:38 _codonscore
-rw-r--r-- 1 vscode vscode   0 Apr 28 06:38 _externalanchors
-rw-r--r-- 1 vscode vscode   0 Apr 28 06:38 _guidetree
-rw-r--r-- 1 vscode vscode   0 Apr 28 06:38 _lara.params
-rw-r--r-- 1 vscode vscode   0 Apr 28 06:38 _seedtablefile
-rw-r--r-- 1 vscode vscode   0 Apr 28 06:38 _subalignmentstable
-rw-r--r-- 1 vscode vscode 41K Apr 28 06:38 infile
-rw-r--r-- 1 vscode vscode   0 Apr 28 06:38 ownlist
-rw-r--r-- 1 vscode vscode   0 Apr 28 06:38 pdblist



Debug at: /opt/conda/envs/qiime2-amplicon-2026.1/bin/mafft:1170 

total 44K
-rw-r--r-- 1 vscode vscode   0 Apr 28 06:38 _aamtx
-rw-r--r-- 1 vscode vscode   0 Apr 28 06:38 _addfile
-rw-r--r-- 1 vscode vscode   0 Apr 28 06:38 _codonpos
-rw-r--r-- 1 vscode vscode   0 Apr 28 06:38 _codonscore
-rw-r--r-- 1 vscode vscode   0 Apr 28 06:38 _externalanchors
-rw-r--r-- 1 vscode vscode   0 Apr 28 06:38 _guidetree
-rw-r--r-- 1 vscode vscode   0 Apr 28 06:38 _lara.params
-rw-r--r-- 1 vscode vscode   0 Apr 28 06:38 _seedtablefile
-rw-r--r-- 1 vscode vscode   0 Apr 28 06:38 _subalignmentstable
-rw-r--r-- 1 vscode vscode 41K Apr 28 06:38 infile
-rw-r--r-- 1 vscode vscode   0 Apr 28 06:38 ownlist
-rw-r--r-- 1 vscode vscode   0 Apr 28 06:38 pdblist



Debug at: /opt/conda/envs/qiime2-amplicon-2026.1/bin/mafft:1170 

total 44K
-rw-r--r-- 1 vscode vscode   0 Apr 28 06:38 _aamtx
-rw-r--r-- 1 vscode vscode   0 Apr 28 06:38 _addfile
-rw-r--r-- 1 vscode vscode   0 Apr 28 06:38 _codonpos
-rw-r--r-- 1 vscode vscode   0 Apr 28 06:38 _codonscore
-rw-r--r-- 1 vscode vscode   0 Apr 28 06:38 _externalanchors
-rw-r--r-- 1 vscode vscode   0 Apr 28 06:38 _guidetree
-rw-r--r-- 1 vscode vscode   0 Apr 28 06:38 _lara.params
-rw-r--r-- 1 vscode vscode   0 Apr 28 06:38 _seedtablefile
-rw-r--r-- 1 vscode vscode   0 Apr 28 06:38 _subalignmentstable
-rw-r--r-- 1 vscode vscode 41K Apr 28 06:38 infile
-rw-r--r-- 1 vscode vscode   0 Apr 28 06:38 ownlist
-rw-r--r-- 1 vscode vscode   0 Apr 28 06:38 pdblist



Debug at: /opt/conda/envs/qiime2-amplicon-2026.1/bin/mafft:1169 

total 44K
-rw-r--r-- 1 vscode vscode   0 Apr 28 06:38 _aamtx
-rw-r--r-- 1 vscode vscode   0 Apr 28 06:38 _addfile
-rw-r--r-- 1 vscode vscode   0 Apr 28 06:38 _codonpos
-rw-r--r-- 1 vscode vscode   0 Apr 28 06:38 _codonscore
-rw-r--r-- 1 vscode vscode   0 Apr 28 06:38 _externalanchors
-rw-r--r-- 1 vscode vscode   0 Apr 28 06:38 _guidetree
-rw-r--r-- 1 vscode vscode   0 Apr 28 06:38 _lara.params
-rw-r--r-- 1 vscode vscode   0 Apr 28 06:38 _seedtablefile
-rw-r--r-- 1 vscode vscode   0 Apr 28 06:38 _subalignmentstable
-rw-r--r-- 1 vscode vscode 41K Apr 28 06:38 infile
-rw-r--r-- 1 vscode vscode   0 Apr 28 06:38 ownlist
-rw-r--r-- 1 vscode vscode   0 Apr 28 06:38 pdblist



Debug at: /opt/conda/envs/qiime2-amplicon-2026.1/bin/mafft:1170 

total 44K
-rw-r--r-- 1 vscode vscode   0 Apr 28 06:38 _aamtx
-rw-r--r-- 1 vscode vscode   0 Apr 28 06:38 _addfile
-rw-r--r-- 1 vscode vscode   0 Apr 28 06:38 _codonpos
-rw-r--r-- 1 vscode vscode   0 Apr 28 06:38 _codonscore
-rw-r--r-- 1 vscode vscode   0 Apr 28 06:38 _externalanchors
-rw-r--r-- 1 vscode vscode   0 Apr 28 06:38 _guidetree
-rw-r--r-- 1 vscode vscode   0 Apr 28 06:38 _lara.params
-rw-r--r-- 1 vscode vscode   0 Apr 28 06:38 _seedtablefile
-rw-r--r-- 1 vscode vscode   0 Apr 28 06:38 _subalignmentstable
-rw-r--r-- 1 vscode vscode 41K Apr 28 06:38 infile
-rw-r--r-- 1 vscode vscode   0 Apr 28 06:38 ownlist
-rw-r--r-- 1 vscode vscode   0 Apr 28 06:38 pdblist



Debug at: /opt/conda/envs/qiime2-amplicon-2026.1/bin/mafft:1170 

total 44K
-rw-r--r-- 1 vscode vscode   0 Apr 28 06:38 _aamtx
-rw-r--r-- 1 vscode vscode   0 Apr 28 06:38 _addfile
-rw-r--r-- 1 vscode vscode   0 Apr 28 06:38 _codonpos
-rw-r--r-- 1 vscode vscode   0 Apr 28 06:38 _codonscore
-rw-r--r-- 1 vscode vscode   0 Apr 28 06:38 _externalanchors
-rw-r--r-- 1 vscode vscode   0 Apr 28 06:38 _guidetree
-rw-r--r-- 1 vscode vscode   0 Apr 28 06:38 _lara.params
-rw-r--r-- 1 vscode vscode   0 Apr 28 06:38 _seedtablefile
-rw-r--r-- 1 vscode vscode   0 Apr 28 06:38 _subalignmentstable
-rw-r--r-- 1 vscode vscode 41K Apr 28 06:38 infile
-rw-r--r-- 1 vscode vscode   0 Apr 28 06:38 ownlist
-rw-r--r-- 1 vscode vscode   0 Apr 28 06:38 pdblist



Debug at: /opt/conda/envs/qiime2-amplicon-2026.1/bin/mafft:1169 

total 44K
-rw-r--r-- 1 vscode vscode   0 Apr 28 06:38 _aamtx
-rw-r--r-- 1 vscode vscode   0 Apr 28 06:38 _addfile
-rw-r--r-- 1 vscode vscode   0 Apr 28 06:38 _codonpos
-rw-r--r-- 1 vscode vscode   0 Apr 28 06:38 _codonscore
-rw-r--r-- 1 vscode vscode   0 Apr 28 06:38 _externalanchors
-rw-r--r-- 1 vscode vscode   0 Apr 28 06:38 _guidetree
-rw-r--r-- 1 vscode vscode   0 Apr 28 06:38 _lara.params
-rw-r--r-- 1 vscode vscode   0 Apr 28 06:38 _seedtablefile
-rw-r--r-- 1 vscode vscode   0 Apr 28 06:38 _subalignmentstable
-rw-r--r-- 1 vscode vscode 41K Apr 28 06:38 infile
-rw-r--r-- 1 vscode vscode   0 Apr 28 06:38 ownlist
-rw-r--r-- 1 vscode vscode   0 Apr 28 06:38 pdblist



Debug at: /opt/conda/envs/qiime2-amplicon-2026.1/bin/mafft:1170 

total 44K
-rw-r--r-- 1 vscode vscode   0 Apr 28 06:38 _aamtx
-rw-r--r-- 1 vscode vscode   0 Apr 28 06:38 _addfile
-rw-r--r-- 1 vscode vscode   0 Apr 28 06:38 _codonpos
-rw-r--r-- 1 vscode vscode   0 Apr 28 06:38 _codonscore
-rw-r--r-- 1 vscode vscode   0 Apr 28 06:38 _externalanchors
-rw-r--r-- 1 vscode vscode   0 Apr 28 06:38 _guidetree
-rw-r--r-- 1 vscode vscode   0 Apr 28 06:38 _lara.params
-rw-r--r-- 1 vscode vscode   0 Apr 28 06:38 _seedtablefile
-rw-r--r-- 1 vscode vscode   0 Apr 28 06:38 _subalignmentstable
-rw-r--r-- 1 vscode vscode 41K Apr 28 06:38 infile
-rw-r--r-- 1 vscode vscode   0 Apr 28 06:38 ownlist
-rw-r--r-- 1 vscode vscode   0 Apr 28 06:38 pdblist



Debug at: /opt/conda/envs/qiime2-amplicon-2026.1/bin/mafft:1170 

total 44K
-rw-r--r-- 1 vscode vscode   0 Apr 28 06:38 _aamtx
-rw-r--r-- 1 vscode vscode   0 Apr 28 06:38 _addfile
-rw-r--r-- 1 vscode vscode   0 Apr 28 06:38 _codonpos
-rw-r--r-- 1 vscode vscode   0 Apr 28 06:38 _codonscore
-rw-r--r-- 1 vscode vscode   0 Apr 28 06:38 _externalanchors
-rw-r--r-- 1 vscode vscode   0 Apr 28 06:38 _guidetree
-rw-r--r-- 1 vscode vscode   0 Apr 28 06:38 _lara.params
-rw-r--r-- 1 vscode vscode   0 Apr 28 06:38 _seedtablefile
-rw-r--r-- 1 vscode vscode   0 Apr 28 06:38 _subalignmentstable
-rw-r--r-- 1 vscode vscode 41K Apr 28 06:38 infile
-rw-r--r-- 1 vscode vscode   0 Apr 28 06:38 ownlist
-rw-r--r-- 1 vscode vscode   0 Apr 28 06:38 pdblist



Debug at: /opt/conda/envs/qiime2-amplicon-2026.1/bin/mafft:1169 

total 44K
-rw-r--r-- 1 vscode vscode   0 Apr 28 06:38 _aamtx
-rw-r--r-- 1 vscode vscode   0 Apr 28 06:38 _addfile
-rw-r--r-- 1 vscode vscode   0 Apr 28 06:38 _codonpos
-rw-r--r-- 1 vscode vscode   0 Apr 28 06:38 _codonscore
-rw-r--r-- 1 vscode vscode   0 Apr 28 06:38 _externalanchors
-rw-r--r-- 1 vscode vscode   0 Apr 28 06:38 _guidetree
-rw-r--r-- 1 vscode vscode   0 Apr 28 06:38 _lara.params
-rw-r--r-- 1 vscode vscode   0 Apr 28 06:38 _seedtablefile
-rw-r--r-- 1 vscode vscode   0 Apr 28 06:38 _subalignmentstable
-rw-r--r-- 1 vscode vscode 41K Apr 28 06:38 infile
-rw-r--r-- 1 vscode vscode   0 Apr 28 06:38 ownlist
-rw-r--r-- 1 vscode vscode   0 Apr 28 06:38 pdblist



Debug at: /opt/conda/envs/qiime2-amplicon-2026.1/bin/mafft:1170 

total 44K
-rw-r--r-- 1 vscode vscode   0 Apr 28 06:38 _aamtx
-rw-r--r-- 1 vscode vscode   0 Apr 28 06:38 _addfile
-rw-r--r-- 1 vscode vscode   0 Apr 28 06:38 _codonpos
-rw-r--r-- 1 vscode vscode   0 Apr 28 06:38 _codonscore
-rw-r--r-- 1 vscode vscode   0 Apr 28 06:38 _externalanchors
-rw-r--r-- 1 vscode vscode   0 Apr 28 06:38 _guidetree
-rw-r--r-- 1 vscode vscode   0 Apr 28 06:38 _lara.params
-rw-r--r-- 1 vscode vscode   0 Apr 28 06:38 _seedtablefile
-rw-r--r-- 1 vscode vscode   0 Apr 28 06:38 _subalignmentstable
-rw-r--r-- 1 vscode vscode 41K Apr 28 06:38 infile
-rw-r--r-- 1 vscode vscode   0 Apr 28 06:38 ownlist
-rw-r--r-- 1 vscode vscode   0 Apr 28 06:38 pdblist



Debug at: /opt/conda/envs/qiime2-amplicon-2026.1/bin/mafft:1170 

total 44K
-rw-r--r-- 1 vscode vscode   0 Apr 28 06:38 _aamtx
-rw-r--r-- 1 vscode vscode   0 Apr 28 06:38 _addfile
-rw-r--r-- 1 vscode vscode   0 Apr 28 06:38 _codonpos
-rw-r--r-- 1 vscode vscode   0 Apr 28 06:38 _codonscore
-rw-r--r-- 1 vscode vscode   0 Apr 28 06:38 _externalanchors
-rw-r--r-- 1 vscode vscode   0 Apr 28 06:38 _guidetree
-rw-r--r-- 1 vscode vscode   0 Apr 28 06:38 _lara.params
-rw-r--r-- 1 vscode vscode   0 Apr 28 06:38 _seedtablefile
-rw-r--r-- 1 vscode vscode   0 Apr 28 06:38 _subalignmentstable
-rw-r--r-- 1 vscode vscode 41K Apr 28 06:38 infile
-rw-r--r-- 1 vscode vscode   0 Apr 28 06:38 ownlist
-rw-r--r-- 1 vscode vscode   0 Apr 28 06:38 pdblist



Debug at: /opt/conda/envs/qiime2-amplicon-2026.1/bin/mafft:1169 

total 44K
-rw-r--r-- 1 vscode vscode   0 Apr 28 06:38 _aamtx
-rw-r--r-- 1 vscode vscode   0 Apr 28 06:38 _addfile
-rw-r--r-- 1 vscode vscode   0 Apr 28 06:38 _codonpos
-rw-r--r-- 1 vscode vscode   0 Apr 28 06:38 _codonscore
-rw-r--r-- 1 vscode vscode   0 Apr 28 06:38 _externalanchors
-rw-r--r-- 1 vscode vscode   0 Apr 28 06:38 _guidetree
-rw-r--r-- 1 vscode vscode   0 Apr 28 06:38 _lara.params
-rw-r--r-- 1 vscode vscode   0 Apr 28 06:38 _seedtablefile
-rw-r--r-- 1 vscode vscode   0 Apr 28 06:38 _subalignmentstable
-rw-r--r-- 1 vscode vscode 41K Apr 28 06:38 infile
-rw-r--r-- 1 vscode vscode   0 Apr 28 06:38 ownlist
-rw-r--r-- 1 vscode vscode   0 Apr 28 06:38 pdblist



Debug at: /opt/conda/envs/qiime2-amplicon-2026.1/bin/mafft:1170 

total 44K
-rw-r--r-- 1 vscode vscode   0 Apr 28 06:38 _aamtx
-rw-r--r-- 1 vscode vscode   0 Apr 28 06:38 _addfile
-rw-r--r-- 1 vscode vscode   0 Apr 28 06:38 _codonpos
-rw-r--r-- 1 vscode vscode   0 Apr 28 06:38 _codonscore
-rw-r--r-- 1 vscode vscode   0 Apr 28 06:38 _externalanchors
-rw-r--r-- 1 vscode vscode   0 Apr 28 06:38 _guidetree
-rw-r--r-- 1 vscode vscode   0 Apr 28 06:38 _lara.params
-rw-r--r-- 1 vscode vscode   0 Apr 28 06:38 _seedtablefile
-rw-r--r-- 1 vscode vscode   0 Apr 28 06:38 _subalignmentstable
-rw-r--r-- 1 vscode vscode 41K Apr 28 06:38 infile
-rw-r--r-- 1 vscode vscode   0 Apr 28 06:38 ownlist
-rw-r--r-- 1 vscode vscode   0 Apr 28 06:38 pdblist



Debug at: /opt/conda/envs/qiime2-amplicon-2026.1/bin/mafft:1170 

total 44K
-rw-r--r-- 1 vscode vscode   0 Apr 28 06:38 _aamtx
-rw-r--r-- 1 vscode vscode   0 Apr 28 06:38 _addfile
-rw-r--r-- 1 vscode vscode   0 Apr 28 06:38 _codonpos
-rw-r--r-- 1 vscode vscode   0 Apr 28 06:38 _codonscore
-rw-r--r-- 1 vscode vscode   0 Apr 28 06:38 _externalanchors
-rw-r--r-- 1 vscode vscode   0 Apr 28 06:38 _guidetree
-rw-r--r-- 1 vscode vscode   0 Apr 28 06:38 _lara.params
-rw-r--r-- 1 vscode vscode   0 Apr 28 06:38 _seedtablefile
-rw-r--r-- 1 vscode vscode   0 Apr 28 06:38 _subalignmentstable
-rw-r--r-- 1 vscode vscode 41K Apr 28 06:38 infile
-rw-r--r-- 1 vscode vscode   0 Apr 28 06:38 ownlist
-rw-r--r-- 1 vscode vscode   0 Apr 28 06:38 pdblist



Debug at: /opt/conda/envs/qiime2-amplicon-2026.1/bin/mafft:1172 

total 44K
-rw-r--r-- 1 vscode vscode   0 Apr 28 06:38 _aamtx
-rw-r--r-- 1 vscode vscode   0 Apr 28 06:38 _addfile
-rw-r--r-- 1 vscode vscode   0 Apr 28 06:38 _codonpos
-rw-r--r-- 1 vscode vscode   0 Apr 28 06:38 _codonscore
-rw-r--r-- 1 vscode vscode   0 Apr 28 06:38 _externalanchors
-rw-r--r-- 1 vscode vscode   0 Apr 28 06:38 _guidetree
-rw-r--r-- 1 vscode vscode   0 Apr 28 06:38 _lara.params
-rw-r--r-- 1 vscode vscode   0 Apr 28 06:38 _seedtablefile
-rw-r--r-- 1 vscode vscode   0 Apr 28 06:38 _subalignmentstable
-rw-r--r-- 1 vscode vscode 41K Apr 28 06:38 infile
-rw-r--r-- 1 vscode vscode   0 Apr 28 06:38 ownlist
-rw-r--r-- 1 vscode vscode   0 Apr 28 06:38 pdblist



Debug at: /opt/conda/envs/qiime2-amplicon-2026.1/bin/mafft:1175 

total 44K
-rw-r--r-- 1 vscode vscode   0 Apr 28 06:38 _aamtx
-rw-r--r-- 1 vscode vscode   0 Apr 28 06:38 _addfile
-rw-r--r-- 1 vscode vscode   0 Apr 28 06:38 _codonpos
-rw-r--r-- 1 vscode vscode   0 Apr 28 06:38 _codonscore
-rw-r--r-- 1 vscode vscode   0 Apr 28 06:38 _externalanchors
-rw-r--r-- 1 vscode vscode   0 Apr 28 06:38 _guidetree
-rw-r--r-- 1 vscode vscode   0 Apr 28 06:38 _lara.params
-rw-r--r-- 1 vscode vscode   0 Apr 28 06:38 _seedtablefile
-rw-r--r-- 1 vscode vscode   0 Apr 28 06:38 _subalignmentstable
-rw-r--r-- 1 vscode vscode 41K Apr 28 06:38 infile
-rw-r--r-- 1 vscode vscode   0 Apr 28 06:38 ownlist
-rw-r--r-- 1 vscode vscode   0 Apr 28 06:38 pdblist



Debug at: /opt/conda/envs/qiime2-amplicon-2026.1/bin/mafft:1176 

total 44K
-rw-r--r-- 1 vscode vscode   0 Apr 28 06:38 _aamtx
-rw-r--r-- 1 vscode vscode   0 Apr 28 06:38 _addfile
-rw-r--r-- 1 vscode vscode   0 Apr 28 06:38 _codonpos
-rw-r--r-- 1 vscode vscode   0 Apr 28 06:38 _codonscore
-rw-r--r-- 1 vscode vscode   0 Apr 28 06:38 _externalanchors
-rw-r--r-- 1 vscode vscode   0 Apr 28 06:38 _guidetree
-rw-r--r-- 1 vscode vscode   0 Apr 28 06:38 _lara.params
-rw-r--r-- 1 vscode vscode   0 Apr 28 06:38 _seedtablefile
-rw-r--r-- 1 vscode vscode   0 Apr 28 06:38 _subalignmentstable
-rw-r--r-- 1 vscode vscode 41K Apr 28 06:38 infile
-rw-r--r-- 1 vscode vscode   0 Apr 28 06:38 ownlist
-rw-r--r-- 1 vscode vscode   0 Apr 28 06:38 pdblist



Debug at: /opt/conda/envs/qiime2-amplicon-2026.1/bin/mafft:1177 

total 44K
-rw-r--r-- 1 vscode vscode   0 Apr 28 06:38 _aamtx
-rw-r--r-- 1 vscode vscode   0 Apr 28 06:38 _addfile
-rw-r--r-- 1 vscode vscode   0 Apr 28 06:38 _codonpos
-rw-r--r-- 1 vscode vscode   0 Apr 28 06:38 _codonscore
-rw-r--r-- 1 vscode vscode   0 Apr 28 06:38 _externalanchors
-rw-r--r-- 1 vscode vscode   0 Apr 28 06:38 _guidetree
-rw-r--r-- 1 vscode vscode   0 Apr 28 06:38 _lara.params
-rw-r--r-- 1 vscode vscode   0 Apr 28 06:38 _seedtablefile
-rw-r--r-- 1 vscode vscode   0 Apr 28 06:38 _subalignmentstable
-rw-r--r-- 1 vscode vscode 41K Apr 28 06:38 infile
-rw-r--r-- 1 vscode vscode   0 Apr 28 06:38 ownlist
-rw-r--r-- 1 vscode vscode   0 Apr 28 06:38 pdblist



Debug at: /opt/conda/envs/qiime2-amplicon-2026.1/bin/mafft:1178 

total 44K
-rw-r--r-- 1 vscode vscode   0 Apr 28 06:38 _aamtx
-rw-r--r-- 1 vscode vscode   0 Apr 28 06:38 _addfile
-rw-r--r-- 1 vscode vscode   0 Apr 28 06:38 _codonpos
-rw-r--r-- 1 vscode vscode   0 Apr 28 06:38 _codonscore
-rw-r--r-- 1 vscode vscode   0 Apr 28 06:38 _externalanchors
-rw-r--r-- 1 vscode vscode   0 Apr 28 06:38 _guidetree
-rw-r--r-- 1 vscode vscode   0 Apr 28 06:38 _lara.params
-rw-r--r-- 1 vscode vscode   0 Apr 28 06:38 _seedtablefile
-rw-r--r-- 1 vscode vscode   0 Apr 28 06:38 _subalignmentstable
-rw-r--r-- 1 vscode vscode 41K Apr 28 06:38 infile
-rw-r--r-- 1 vscode vscode   0 Apr 28 06:38 ownlist
-rw-r--r-- 1 vscode vscode   0 Apr 28 06:38 pdblist



Debug at: /opt/conda/envs/qiime2-amplicon-2026.1/bin/mafft:1179 

total 44K
-rw-r--r-- 1 vscode vscode   0 Apr 28 06:38 _aamtx
-rw-r--r-- 1 vscode vscode   0 Apr 28 06:38 _addfile
-rw-r--r-- 1 vscode vscode   0 Apr 28 06:38 _codonpos
-rw-r--r-- 1 vscode vscode   0 Apr 28 06:38 _codonscore
-rw-r--r-- 1 vscode vscode   0 Apr 28 06:38 _externalanchors
-rw-r--r-- 1 vscode vscode   0 Apr 28 06:38 _guidetree
-rw-r--r-- 1 vscode vscode   0 Apr 28 06:38 _lara.params
-rw-r--r-- 1 vscode vscode   0 Apr 28 06:38 _seedtablefile
-rw-r--r-- 1 vscode vscode   0 Apr 28 06:38 _subalignmentstable
-rw-r--r-- 1 vscode vscode 41K Apr 28 06:38 infile
-rw-r--r-- 1 vscode vscode   0 Apr 28 06:38 ownlist
-rw-r--r-- 1 vscode vscode   0 Apr 28 06:38 pdblist



Debug at: /opt/conda/envs/qiime2-amplicon-2026.1/bin/mafft:1210 

total 44K
-rw-r--r-- 1 vscode vscode   0 Apr 28 06:38 _aamtx
-rw-r--r-- 1 vscode vscode   0 Apr 28 06:38 _addfile
-rw-r--r-- 1 vscode vscode   0 Apr 28 06:38 _codonpos
-rw-r--r-- 1 vscode vscode   0 Apr 28 06:38 _codonscore
-rw-r--r-- 1 vscode vscode   0 Apr 28 06:38 _externalanchors
-rw-r--r-- 1 vscode vscode   0 Apr 28 06:38 _guidetree
-rw-r--r-- 1 vscode vscode   0 Apr 28 06:38 _lara.params
-rw-r--r-- 1 vscode vscode   0 Apr 28 06:38 _seedtablefile
-rw-r--r-- 1 vscode vscode   0 Apr 28 06:38 _subalignmentstable
-rw-r--r-- 1 vscode vscode 41K Apr 28 06:38 infile
-rw-r--r-- 1 vscode vscode   0 Apr 28 06:38 ownlist
-rw-r--r-- 1 vscode vscode   0 Apr 28 06:38 pdblist



Debug at: /opt/conda/envs/qiime2-amplicon-2026.1/bin/mafft:1249 

total 44K
-rw-r--r-- 1 vscode vscode   0 Apr 28 06:38 _aamtx
-rw-r--r-- 1 vscode vscode   0 Apr 28 06:38 _addfile
-rw-r--r-- 1 vscode vscode   0 Apr 28 06:38 _codonpos
-rw-r--r-- 1 vscode vscode   0 Apr 28 06:38 _codonscore
-rw-r--r-- 1 vscode vscode   0 Apr 28 06:38 _externalanchors
-rw-r--r-- 1 vscode vscode   0 Apr 28 06:38 _guidetree
-rw-r--r-- 1 vscode vscode   0 Apr 28 06:38 _lara.params
-rw-r--r-- 1 vscode vscode   0 Apr 28 06:38 _seedtablefile
-rw-r--r-- 1 vscode vscode   0 Apr 28 06:38 _subalignmentstable
-rw-r--r-- 1 vscode vscode 41K Apr 28 06:38 infile
-rw-r--r-- 1 vscode vscode   0 Apr 28 06:38 ownlist
-rw-r--r-- 1 vscode vscode   0 Apr 28 06:38 pdblist



Debug at: /opt/conda/envs/qiime2-amplicon-2026.1/bin/mafft:1250 

total 44K
-rw-r--r-- 1 vscode vscode   0 Apr 28 06:38 _aamtx
-rw-r--r-- 1 vscode vscode   0 Apr 28 06:38 _addfile
-rw-r--r-- 1 vscode vscode   0 Apr 28 06:38 _codonpos
-rw-r--r-- 1 vscode vscode   0 Apr 28 06:38 _codonscore
-rw-r--r-- 1 vscode vscode   0 Apr 28 06:38 _externalanchors
-rw-r--r-- 1 vscode vscode   0 Apr 28 06:38 _guidetree
-rw-r--r-- 1 vscode vscode   0 Apr 28 06:38 _lara.params
-rw-r--r-- 1 vscode vscode   0 Apr 28 06:38 _seedtablefile
-rw-r--r-- 1 vscode vscode   0 Apr 28 06:38 _subalignmentstable
-rw-r--r-- 1 vscode vscode 41K Apr 28 06:38 infile
-rw-r--r-- 1 vscode vscode   0 Apr 28 06:38 ownlist
-rw-r--r-- 1 vscode vscode   0 Apr 28 06:38 pdblist



Debug at: /opt/conda/envs/qiime2-amplicon-2026.1/bin/mafft:1252 

total 44K
-rw-r--r-- 1 vscode vscode   0 Apr 28 06:38 _aamtx
-rw-r--r-- 1 vscode vscode   0 Apr 28 06:38 _addfile
-rw-r--r-- 1 vscode vscode   0 Apr 28 06:38 _codonpos
-rw-r--r-- 1 vscode vscode   0 Apr 28 06:38 _codonscore
-rw-r--r-- 1 vscode vscode   0 Apr 28 06:38 _externalanchors
-rw-r--r-- 1 vscode vscode   0 Apr 28 06:38 _guidetree
-rw-r--r-- 1 vscode vscode   0 Apr 28 06:38 _lara.params
-rw-r--r-- 1 vscode vscode   0 Apr 28 06:38 _seedtablefile
-rw-r--r-- 1 vscode vscode   0 Apr 28 06:38 _subalignmentstable
-rw-r--r-- 1 vscode vscode 41K Apr 28 06:38 infile
-rw-r--r-- 1 vscode vscode   0 Apr 28 06:38 ownlist
-rw-r--r-- 1 vscode vscode   0 Apr 28 06:38 pdblist



Debug at: /opt/conda/envs/qiime2-amplicon-2026.1/bin/mafft:1258 

total 44K
-rw-r--r-- 1 vscode vscode   0 Apr 28 06:38 _aamtx
-rw-r--r-- 1 vscode vscode   0 Apr 28 06:38 _addfile
-rw-r--r-- 1 vscode vscode   0 Apr 28 06:38 _codonpos
-rw-r--r-- 1 vscode vscode   0 Apr 28 06:38 _codonscore
-rw-r--r-- 1 vscode vscode   0 Apr 28 06:38 _externalanchors
-rw-r--r-- 1 vscode vscode   0 Apr 28 06:38 _guidetree
-rw-r--r-- 1 vscode vscode   0 Apr 28 06:38 _lara.params
-rw-r--r-- 1 vscode vscode   0 Apr 28 06:38 _seedtablefile
-rw-r--r-- 1 vscode vscode   0 Apr 28 06:38 _subalignmentstable
-rw-r--r-- 1 vscode vscode 41K Apr 28 06:38 infile
-rw-r--r-- 1 vscode vscode   0 Apr 28 06:38 ownlist
-rw-r--r-- 1 vscode vscode   0 Apr 28 06:38 pdblist



Debug at: /opt/conda/envs/qiime2-amplicon-2026.1/bin/mafft:1259 

total 44K
-rw-r--r-- 1 vscode vscode   0 Apr 28 06:38 _aamtx
-rw-r--r-- 1 vscode vscode   0 Apr 28 06:38 _addfile
-rw-r--r-- 1 vscode vscode   0 Apr 28 06:38 _codonpos
-rw-r--r-- 1 vscode vscode   0 Apr 28 06:38 _codonscore
-rw-r--r-- 1 vscode vscode   0 Apr 28 06:38 _externalanchors
-rw-r--r-- 1 vscode vscode   0 Apr 28 06:38 _guidetree
-rw-r--r-- 1 vscode vscode   0 Apr 28 06:38 _lara.params
-rw-r--r-- 1 vscode vscode   0 Apr 28 06:38 _seedtablefile
-rw-r--r-- 1 vscode vscode   0 Apr 28 06:38 _subalignmentstable
-rw-r--r-- 1 vscode vscode 41K Apr 28 06:38 infile
-rw-r--r-- 1 vscode vscode   0 Apr 28 06:38 ownlist
-rw-r--r-- 1 vscode vscode   0 Apr 28 06:38 pdblist



Debug at: /opt/conda/envs/qiime2-amplicon-2026.1/bin/mafft:1260 

total 44K
-rw-r--r-- 1 vscode vscode   0 Apr 28 06:38 _aamtx
-rw-r--r-- 1 vscode vscode   0 Apr 28 06:38 _addfile
-rw-r--r-- 1 vscode vscode   0 Apr 28 06:38 _codonpos
-rw-r--r-- 1 vscode vscode   0 Apr 28 06:38 _codonscore
-rw-r--r-- 1 vscode vscode   0 Apr 28 06:38 _externalanchors
-rw-r--r-- 1 vscode vscode   0 Apr 28 06:38 _guidetree
-rw-r--r-- 1 vscode vscode   0 Apr 28 06:38 _lara.params
-rw-r--r-- 1 vscode vscode   0 Apr 28 06:38 _seedtablefile
-rw-r--r-- 1 vscode vscode   0 Apr 28 06:38 _subalignmentstable
-rw-r--r-- 1 vscode vscode 41K Apr 28 06:38 infile
-rw-r--r-- 1 vscode vscode   0 Apr 28 06:38 ownlist
-rw-r--r-- 1 vscode vscode   0 Apr 28 06:38 pdblist



Debug at: /opt/conda/envs/qiime2-amplicon-2026.1/bin/mafft:1266 

total 44K
-rw-r--r-- 1 vscode vscode   0 Apr 28 06:38 _aamtx
-rw-r--r-- 1 vscode vscode   0 Apr 28 06:38 _addfile
-rw-r--r-- 1 vscode vscode   0 Apr 28 06:38 _codonpos
-rw-r--r-- 1 vscode vscode   0 Apr 28 06:38 _codonscore
-rw-r--r-- 1 vscode vscode   0 Apr 28 06:38 _externalanchors
-rw-r--r-- 1 vscode vscode   0 Apr 28 06:38 _guidetree
-rw-r--r-- 1 vscode vscode   0 Apr 28 06:38 _lara.params
-rw-r--r-- 1 vscode vscode   0 Apr 28 06:38 _seedtablefile
-rw-r--r-- 1 vscode vscode   0 Apr 28 06:38 _subalignmentstable
-rw-r--r-- 1 vscode vscode 41K Apr 28 06:38 infile
-rw-r--r-- 1 vscode vscode   0 Apr 28 06:38 ownlist
-rw-r--r-- 1 vscode vscode   0 Apr 28 06:38 pdblist



Debug at: /opt/conda/envs/qiime2-amplicon-2026.1/bin/mafft:1272 

total 44K
-rw-r--r-- 1 vscode vscode   0 Apr 28 06:38 _aamtx
-rw-r--r-- 1 vscode vscode   0 Apr 28 06:38 _addfile
-rw-r--r-- 1 vscode vscode   0 Apr 28 06:38 _codonpos
-rw-r--r-- 1 vscode vscode   0 Apr 28 06:38 _codonscore
-rw-r--r-- 1 vscode vscode   0 Apr 28 06:38 _externalanchors
-rw-r--r-- 1 vscode vscode   0 Apr 28 06:38 _guidetree
-rw-r--r-- 1 vscode vscode   0 Apr 28 06:38 _lara.params
-rw-r--r-- 1 vscode vscode   0 Apr 28 06:38 _seedtablefile
-rw-r--r-- 1 vscode vscode   0 Apr 28 06:38 _subalignmentstable
-rw-r--r-- 1 vscode vscode 41K Apr 28 06:38 infile
-rw-r--r-- 1 vscode vscode   0 Apr 28 06:38 ownlist
-rw-r--r-- 1 vscode vscode   0 Apr 28 06:38 pdblist



Debug at: /opt/conda/envs/qiime2-amplicon-2026.1/bin/mafft:1287 

total 44K
-rw-r--r-- 1 vscode vscode   0 Apr 28 06:38 _aamtx
-rw-r--r-- 1 vscode vscode   0 Apr 28 06:38 _addfile
-rw-r--r-- 1 vscode vscode   0 Apr 28 06:38 _codonpos
-rw-r--r-- 1 vscode vscode   0 Apr 28 06:38 _codonscore
-rw-r--r-- 1 vscode vscode   0 Apr 28 06:38 _externalanchors
-rw-r--r-- 1 vscode vscode   0 Apr 28 06:38 _guidetree
-rw-r--r-- 1 vscode vscode   0 Apr 28 06:38 _lara.params
-rw-r--r-- 1 vscode vscode   0 Apr 28 06:38 _seedtablefile
-rw-r--r-- 1 vscode vscode   0 Apr 28 06:38 _subalignmentstable
-rw-r--r-- 1 vscode vscode 41K Apr 28 06:38 infile
-rw-r--r-- 1 vscode vscode   0 Apr 28 06:38 ownlist
-rw-r--r-- 1 vscode vscode   0 Apr 28 06:38 pdblist



Debug at: /opt/conda/envs/qiime2-amplicon-2026.1/bin/mafft:1290 

total 44K
-rw-r--r-- 1 vscode vscode   0 Apr 28 06:38 _aamtx
-rw-r--r-- 1 vscode vscode   0 Apr 28 06:38 _addfile
-rw-r--r-- 1 vscode vscode   0 Apr 28 06:38 _codonpos
-rw-r--r-- 1 vscode vscode   0 Apr 28 06:38 _codonscore
-rw-r--r-- 1 vscode vscode   0 Apr 28 06:38 _externalanchors
-rw-r--r-- 1 vscode vscode   0 Apr 28 06:38 _guidetree
-rw-r--r-- 1 vscode vscode   0 Apr 28 06:38 _lara.params
-rw-r--r-- 1 vscode vscode   0 Apr 28 06:38 _seedtablefile
-rw-r--r-- 1 vscode vscode   0 Apr 28 06:38 _subalignmentstable
-rw-r--r-- 1 vscode vscode 41K Apr 28 06:38 infile
-rw-r--r-- 1 vscode vscode   0 Apr 28 06:38 ownlist
-rw-r--r-- 1 vscode vscode   0 Apr 28 06:38 pdblist



Debug at: /opt/conda/envs/qiime2-amplicon-2026.1/bin/mafft:1291 

total 44K
-rw-r--r-- 1 vscode vscode   0 Apr 28 06:38 _aamtx
-rw-r--r-- 1 vscode vscode   0 Apr 28 06:38 _addfile
-rw-r--r-- 1 vscode vscode   0 Apr 28 06:38 _codonpos
-rw-r--r-- 1 vscode vscode   0 Apr 28 06:38 _codonscore
-rw-r--r-- 1 vscode vscode   0 Apr 28 06:38 _externalanchors
-rw-r--r-- 1 vscode vscode   0 Apr 28 06:38 _guidetree
-rw-r--r-- 1 vscode vscode   0 Apr 28 06:38 _lara.params
-rw-r--r-- 1 vscode vscode   0 Apr 28 06:38 _seedtablefile
-rw-r--r-- 1 vscode vscode   0 Apr 28 06:38 _subalignmentstable
-rw-r--r-- 1 vscode vscode 41K Apr 28 06:38 infile
-rw-r--r-- 1 vscode vscode   0 Apr 28 06:38 ownlist
-rw-r--r-- 1 vscode vscode   0 Apr 28 06:38 pdblist



Debug at: /opt/conda/envs/qiime2-amplicon-2026.1/bin/mafft:1292 

total 48K
-rw-r--r-- 1 vscode vscode   0 Apr 28 06:38 _aamtx
-rw-r--r-- 1 vscode vscode   0 Apr 28 06:38 _addfile
-rw-r--r-- 1 vscode vscode   0 Apr 28 06:38 _codonpos
-rw-r--r-- 1 vscode vscode   0 Apr 28 06:38 _codonscore
-rw-r--r-- 1 vscode vscode   0 Apr 28 06:38 _externalanchors
-rw-r--r-- 1 vscode vscode   0 Apr 28 06:38 _guidetree
-rw-r--r-- 1 vscode vscode   0 Apr 28 06:38 _lara.params
-rw-r--r-- 1 vscode vscode   0 Apr 28 06:38 _seedtablefile
-rw-r--r-- 1 vscode vscode   0 Apr 28 06:38 _subalignmentstable
-rw-r--r-- 1 vscode vscode 41K Apr 28 06:38 infile
-rw-r--r-- 1 vscode vscode   0 Apr 28 06:38 ownlist
-rw-r--r-- 1 vscode vscode   0 Apr 28 06:38 pdblist
-rw-r--r-- 1 vscode vscode  33 Apr 28 06:38 size



Debug at: /opt/conda/envs/qiime2-amplicon-2026.1/bin/mafft:1293 

total 48K
-rw-r--r-- 1 vscode vscode   0 Apr 28 06:38 _aamtx
-rw-r--r-- 1 vscode vscode   0 Apr 28 06:38 _addfile
-rw-r--r-- 1 vscode vscode   0 Apr 28 06:38 _codonpos
-rw-r--r-- 1 vscode vscode   0 Apr 28 06:38 _codonscore
-rw-r--r-- 1 vscode vscode   0 Apr 28 06:38 _externalanchors
-rw-r--r-- 1 vscode vscode   0 Apr 28 06:38 _guidetree
-rw-r--r-- 1 vscode vscode   0 Apr 28 06:38 _lara.params
-rw-r--r-- 1 vscode vscode   0 Apr 28 06:38 _seedtablefile
-rw-r--r-- 1 vscode vscode   0 Apr 28 06:38 _subalignmentstable
-rw-r--r-- 1 vscode vscode 41K Apr 28 06:38 infile
-rw-r--r-- 1 vscode vscode   0 Apr 28 06:38 ownlist
-rw-r--r-- 1 vscode vscode   0 Apr 28 06:38 pdblist
-rw-r--r-- 1 vscode vscode  33 Apr 28 06:38 size



Debug at: /opt/conda/envs/qiime2-amplicon-2026.1/bin/mafft:1295 

total 48K
-rw-r--r-- 1 vscode vscode   0 Apr 28 06:38 _aamtx
-rw-r--r-- 1 vscode vscode   0 Apr 28 06:38 _addfile
-rw-r--r-- 1 vscode vscode   0 Apr 28 06:38 _codonpos
-rw-r--r-- 1 vscode vscode   0 Apr 28 06:38 _codonscore
-rw-r--r-- 1 vscode vscode   0 Apr 28 06:38 _externalanchors
-rw-r--r-- 1 vscode vscode   0 Apr 28 06:38 _guidetree
-rw-r--r-- 1 vscode vscode   0 Apr 28 06:38 _lara.params
-rw-r--r-- 1 vscode vscode   0 Apr 28 06:38 _seedtablefile
-rw-r--r-- 1 vscode vscode   0 Apr 28 06:38 _subalignmentstable
-rw-r--r-- 1 vscode vscode 41K Apr 28 06:38 infile
-rw-r--r-- 1 vscode vscode   0 Apr 28 06:38 ownlist
-rw-r--r-- 1 vscode vscode   0 Apr 28 06:38 pdblist
-rw-r--r-- 1 vscode vscode  33 Apr 28 06:38 size



Debug at: /opt/conda/envs/qiime2-amplicon-2026.1/bin/mafft:1300 

total 48K
-rw-r--r-- 1 vscode vscode   0 Apr 28 06:38 _aamtx
-rw-r--r-- 1 vscode vscode   0 Apr 28 06:38 _addfile
-rw-r--r-- 1 vscode vscode   0 Apr 28 06:38 _codonpos
-rw-r--r-- 1 vscode vscode   0 Apr 28 06:38 _codonscore
-rw-r--r-- 1 vscode vscode   0 Apr 28 06:38 _externalanchors
-rw-r--r-- 1 vscode vscode   0 Apr 28 06:38 _guidetree
-rw-r--r-- 1 vscode vscode   0 Apr 28 06:38 _lara.params
-rw-r--r-- 1 vscode vscode   0 Apr 28 06:38 _seedtablefile
-rw-r--r-- 1 vscode vscode   0 Apr 28 06:38 _subalignmentstable
-rw-r--r-- 1 vscode vscode 41K Apr 28 06:38 infile
-rw-r--r-- 1 vscode vscode   0 Apr 28 06:38 ownlist
-rw-r--r-- 1 vscode vscode   0 Apr 28 06:38 pdblist
-rw-r--r-- 1 vscode vscode  33 Apr 28 06:38 size



Debug at: /opt/conda/envs/qiime2-amplicon-2026.1/bin/mafft:1305 

total 48K
-rw-r--r-- 1 vscode vscode   0 Apr 28 06:38 _aamtx
-rw-r--r-- 1 vscode vscode   0 Apr 28 06:38 _addfile
-rw-r--r-- 1 vscode vscode   0 Apr 28 06:38 _codonpos
-rw-r--r-- 1 vscode vscode   0 Apr 28 06:38 _codonscore
-rw-r--r-- 1 vscode vscode   0 Apr 28 06:38 _externalanchors
-rw-r--r-- 1 vscode vscode   0 Apr 28 06:38 _guidetree
-rw-r--r-- 1 vscode vscode   0 Apr 28 06:38 _lara.params
-rw-r--r-- 1 vscode vscode   0 Apr 28 06:38 _seedtablefile
-rw-r--r-- 1 vscode vscode   0 Apr 28 06:38 _subalignmentstable
-rw-r--r-- 1 vscode vscode 41K Apr 28 06:38 infile
-rw-r--r-- 1 vscode vscode   0 Apr 28 06:38 ownlist
-rw-r--r-- 1 vscode vscode   0 Apr 28 06:38 pdblist
-rw-r--r-- 1 vscode vscode  33 Apr 28 06:38 size



Debug at: /opt/conda/envs/qiime2-amplicon-2026.1/bin/mafft:1306 

total 48K
-rw-r--r-- 1 vscode vscode   0 Apr 28 06:38 _aamtx
-rw-r--r-- 1 vscode vscode   0 Apr 28 06:38 _addfile
-rw-r--r-- 1 vscode vscode   0 Apr 28 06:38 _codonpos
-rw-r--r-- 1 vscode vscode   0 Apr 28 06:38 _codonscore
-rw-r--r-- 1 vscode vscode   0 Apr 28 06:38 _externalanchors
-rw-r--r-- 1 vscode vscode   0 Apr 28 06:38 _guidetree
-rw-r--r-- 1 vscode vscode   0 Apr 28 06:38 _lara.params
-rw-r--r-- 1 vscode vscode   0 Apr 28 06:38 _seedtablefile
-rw-r--r-- 1 vscode vscode   0 Apr 28 06:38 _subalignmentstable
-rw-r--r-- 1 vscode vscode 41K Apr 28 06:38 infile
-rw-r--r-- 1 vscode vscode   0 Apr 28 06:38 ownlist
-rw-r--r-- 1 vscode vscode   0 Apr 28 06:38 pdblist
-rw-r--r-- 1 vscode vscode  33 Apr 28 06:38 size



Debug at: /opt/conda/envs/qiime2-amplicon-2026.1/bin/mafft:1307 

total 48K
-rw-r--r-- 1 vscode vscode   0 Apr 28 06:38 _aamtx
-rw-r--r-- 1 vscode vscode   0 Apr 28 06:38 _addfile
-rw-r--r-- 1 vscode vscode   0 Apr 28 06:38 _codonpos
-rw-r--r-- 1 vscode vscode   0 Apr 28 06:38 _codonscore
-rw-r--r-- 1 vscode vscode   0 Apr 28 06:38 _externalanchors
-rw-r--r-- 1 vscode vscode   0 Apr 28 06:38 _guidetree
-rw-r--r-- 1 vscode vscode   0 Apr 28 06:38 _lara.params
-rw-r--r-- 1 vscode vscode   0 Apr 28 06:38 _seedtablefile
-rw-r--r-- 1 vscode vscode   0 Apr 28 06:38 _subalignmentstable
-rw-r--r-- 1 vscode vscode 41K Apr 28 06:38 infile
-rw-r--r-- 1 vscode vscode   0 Apr 28 06:38 ownlist
-rw-r--r-- 1 vscode vscode   0 Apr 28 06:38 pdblist
-rw-r--r-- 1 vscode vscode  33 Apr 28 06:38 size



Debug at: /opt/conda/envs/qiime2-amplicon-2026.1/bin/mafft:1308 

total 48K
-rw-r--r-- 1 vscode vscode   0 Apr 28 06:38 _aamtx
-rw-r--r-- 1 vscode vscode   0 Apr 28 06:38 _addfile
-rw-r--r-- 1 vscode vscode   0 Apr 28 06:38 _codonpos
-rw-r--r-- 1 vscode vscode   0 Apr 28 06:38 _codonscore
-rw-r--r-- 1 vscode vscode   0 Apr 28 06:38 _externalanchors
-rw-r--r-- 1 vscode vscode   0 Apr 28 06:38 _guidetree
-rw-r--r-- 1 vscode vscode   0 Apr 28 06:38 _lara.params
-rw-r--r-- 1 vscode vscode   0 Apr 28 06:38 _seedtablefile
-rw-r--r-- 1 vscode vscode   0 Apr 28 06:38 _subalignmentstable
-rw-r--r-- 1 vscode vscode 41K Apr 28 06:38 infile
-rw-r--r-- 1 vscode vscode   0 Apr 28 06:38 ownlist
-rw-r--r-- 1 vscode vscode   0 Apr 28 06:38 pdblist
-rw-r--r-- 1 vscode vscode  33 Apr 28 06:38 size



Debug at: /opt/conda/envs/qiime2-amplicon-2026.1/bin/mafft:1309 

total 48K
-rw-r--r-- 1 vscode vscode   0 Apr 28 06:38 _aamtx
-rw-r--r-- 1 vscode vscode   0 Apr 28 06:38 _addfile
-rw-r--r-- 1 vscode vscode   0 Apr 28 06:38 _codonpos
-rw-r--r-- 1 vscode vscode   0 Apr 28 06:38 _codonscore
-rw-r--r-- 1 vscode vscode   0 Apr 28 06:38 _externalanchors
-rw-r--r-- 1 vscode vscode   0 Apr 28 06:38 _guidetree
-rw-r--r-- 1 vscode vscode   0 Apr 28 06:38 _lara.params
-rw-r--r-- 1 vscode vscode   0 Apr 28 06:38 _seedtablefile
-rw-r--r-- 1 vscode vscode   0 Apr 28 06:38 _subalignmentstable
-rw-r--r-- 1 vscode vscode 41K Apr 28 06:38 infile
-rw-r--r-- 1 vscode vscode   0 Apr 28 06:38 ownlist
-rw-r--r-- 1 vscode vscode   0 Apr 28 06:38 pdblist
-rw-r--r-- 1 vscode vscode  33 Apr 28 06:38 size



Debug at: /opt/conda/envs/qiime2-amplicon-2026.1/bin/mafft:1381 

total 48K
-rw-r--r-- 1 vscode vscode   0 Apr 28 06:38 _aamtx
-rw-r--r-- 1 vscode vscode   0 Apr 28 06:38 _addfile
-rw-r--r-- 1 vscode vscode   0 Apr 28 06:38 _codonpos
-rw-r--r-- 1 vscode vscode   0 Apr 28 06:38 _codonscore
-rw-r--r-- 1 vscode vscode   0 Apr 28 06:38 _externalanchors
-rw-r--r-- 1 vscode vscode   0 Apr 28 06:38 _guidetree
-rw-r--r-- 1 vscode vscode   0 Apr 28 06:38 _lara.params
-rw-r--r-- 1 vscode vscode   0 Apr 28 06:38 _seedtablefile
-rw-r--r-- 1 vscode vscode   0 Apr 28 06:38 _subalignmentstable
-rw-r--r-- 1 vscode vscode 41K Apr 28 06:38 infile
-rw-r--r-- 1 vscode vscode   0 Apr 28 06:38 ownlist
-rw-r--r-- 1 vscode vscode   0 Apr 28 06:38 pdblist
-rw-r--r-- 1 vscode vscode  33 Apr 28 06:38 size



Debug at: /opt/conda/envs/qiime2-amplicon-2026.1/bin/mafft:1413 

total 48K
-rw-r--r-- 1 vscode vscode   0 Apr 28 06:38 _aamtx
-rw-r--r-- 1 vscode vscode   0 Apr 28 06:38 _addfile
-rw-r--r-- 1 vscode vscode   0 Apr 28 06:38 _codonpos
-rw-r--r-- 1 vscode vscode   0 Apr 28 06:38 _codonscore
-rw-r--r-- 1 vscode vscode   0 Apr 28 06:38 _externalanchors
-rw-r--r-- 1 vscode vscode   0 Apr 28 06:38 _guidetree
-rw-r--r-- 1 vscode vscode   0 Apr 28 06:38 _lara.params
-rw-r--r-- 1 vscode vscode   0 Apr 28 06:38 _seedtablefile
-rw-r--r-- 1 vscode vscode   0 Apr 28 06:38 _subalignmentstable
-rw-r--r-- 1 vscode vscode 41K Apr 28 06:38 infile
-rw-r--r-- 1 vscode vscode   0 Apr 28 06:38 ownlist
-rw-r--r-- 1 vscode vscode   0 Apr 28 06:38 pdblist
-rw-r--r-- 1 vscode vscode  33 Apr 28 06:38 size



Debug at: /opt/conda/envs/qiime2-amplicon-2026.1/bin/mafft:1418 

total 48K
-rw-r--r-- 1 vscode vscode   0 Apr 28 06:38 _aamtx
-rw-r--r-- 1 vscode vscode   0 Apr 28 06:38 _addfile
-rw-r--r-- 1 vscode vscode   0 Apr 28 06:38 _codonpos
-rw-r--r-- 1 vscode vscode   0 Apr 28 06:38 _codonscore
-rw-r--r-- 1 vscode vscode   0 Apr 28 06:38 _externalanchors
-rw-r--r-- 1 vscode vscode   0 Apr 28 06:38 _guidetree
-rw-r--r-- 1 vscode vscode   0 Apr 28 06:38 _lara.params
-rw-r--r-- 1 vscode vscode   0 Apr 28 06:38 _seedtablefile
-rw-r--r-- 1 vscode vscode   0 Apr 28 06:38 _subalignmentstable
-rw-r--r-- 1 vscode vscode 41K Apr 28 06:38 infile
-rw-r--r-- 1 vscode vscode   0 Apr 28 06:38 ownlist
-rw-r--r-- 1 vscode vscode   0 Apr 28 06:38 pdblist
-rw-r--r-- 1 vscode vscode  33 Apr 28 06:38 size



Debug at: /opt/conda/envs/qiime2-amplicon-2026.1/bin/mafft:1423 

total 48K
-rw-r--r-- 1 vscode vscode   0 Apr 28 06:38 _aamtx
-rw-r--r-- 1 vscode vscode   0 Apr 28 06:38 _addfile
-rw-r--r-- 1 vscode vscode   0 Apr 28 06:38 _codonpos
-rw-r--r-- 1 vscode vscode   0 Apr 28 06:38 _codonscore
-rw-r--r-- 1 vscode vscode   0 Apr 28 06:38 _externalanchors
-rw-r--r-- 1 vscode vscode   0 Apr 28 06:38 _guidetree
-rw-r--r-- 1 vscode vscode   0 Apr 28 06:38 _lara.params
-rw-r--r-- 1 vscode vscode   0 Apr 28 06:38 _seedtablefile
-rw-r--r-- 1 vscode vscode   0 Apr 28 06:38 _subalignmentstable
-rw-r--r-- 1 vscode vscode 41K Apr 28 06:38 infile
-rw-r--r-- 1 vscode vscode   0 Apr 28 06:38 ownlist
-rw-r--r-- 1 vscode vscode   0 Apr 28 06:38 pdblist
-rw-r--r-- 1 vscode vscode  33 Apr 28 06:38 size



Debug at: /opt/conda/envs/qiime2-amplicon-2026.1/bin/mafft:1432 

total 48K
-rw-r--r-- 1 vscode vscode   0 Apr 28 06:38 _aamtx
-rw-r--r-- 1 vscode vscode   0 Apr 28 06:38 _addfile
-rw-r--r-- 1 vscode vscode   0 Apr 28 06:38 _codonpos
-rw-r--r-- 1 vscode vscode   0 Apr 28 06:38 _codonscore
-rw-r--r-- 1 vscode vscode   0 Apr 28 06:38 _externalanchors
-rw-r--r-- 1 vscode vscode   0 Apr 28 06:38 _guidetree
-rw-r--r-- 1 vscode vscode   0 Apr 28 06:38 _lara.params
-rw-r--r-- 1 vscode vscode   0 Apr 28 06:38 _seedtablefile
-rw-r--r-- 1 vscode vscode   0 Apr 28 06:38 _subalignmentstable
-rw-r--r-- 1 vscode vscode 41K Apr 28 06:38 infile
-rw-r--r-- 1 vscode vscode   0 Apr 28 06:38 ownlist
-rw-r--r-- 1 vscode vscode   0 Apr 28 06:38 pdblist
-rw-r--r-- 1 vscode vscode  33 Apr 28 06:38 size



Debug at: /opt/conda/envs/qiime2-amplicon-2026.1/bin/mafft:1433 

total 48K
-rw-r--r-- 1 vscode vscode   0 Apr 28 06:38 _aamtx
-rw-r--r-- 1 vscode vscode   0 Apr 28 06:38 _addfile
-rw-r--r-- 1 vscode vscode   0 Apr 28 06:38 _codonpos
-rw-r--r-- 1 vscode vscode   0 Apr 28 06:38 _codonscore
-rw-r--r-- 1 vscode vscode   0 Apr 28 06:38 _externalanchors
-rw-r--r-- 1 vscode vscode   0 Apr 28 06:38 _guidetree
-rw-r--r-- 1 vscode vscode   0 Apr 28 06:38 _lara.params
-rw-r--r-- 1 vscode vscode   0 Apr 28 06:38 _seedtablefile
-rw-r--r-- 1 vscode vscode   0 Apr 28 06:38 _subalignmentstable
-rw-r--r-- 1 vscode vscode 41K Apr 28 06:38 infile
-rw-r--r-- 1 vscode vscode   0 Apr 28 06:38 ownlist
-rw-r--r-- 1 vscode vscode   0 Apr 28 06:38 pdblist
-rw-r--r-- 1 vscode vscode  33 Apr 28 06:38 size



Debug at: /opt/conda/envs/qiime2-amplicon-2026.1/bin/mafft:1436 

total 48K
-rw-r--r-- 1 vscode vscode   0 Apr 28 06:38 _aamtx
-rw-r--r-- 1 vscode vscode   0 Apr 28 06:38 _addfile
-rw-r--r-- 1 vscode vscode   0 Apr 28 06:38 _codonpos
-rw-r--r-- 1 vscode vscode   0 Apr 28 06:38 _codonscore
-rw-r--r-- 1 vscode vscode   0 Apr 28 06:38 _externalanchors
-rw-r--r-- 1 vscode vscode   0 Apr 28 06:38 _guidetree
-rw-r--r-- 1 vscode vscode   0 Apr 28 06:38 _lara.params
-rw-r--r-- 1 vscode vscode   0 Apr 28 06:38 _seedtablefile
-rw-r--r-- 1 vscode vscode   0 Apr 28 06:38 _subalignmentstable
-rw-r--r-- 1 vscode vscode 41K Apr 28 06:38 infile
-rw-r--r-- 1 vscode vscode   0 Apr 28 06:38 ownlist
-rw-r--r-- 1 vscode vscode   0 Apr 28 06:38 pdblist
-rw-r--r-- 1 vscode vscode  33 Apr 28 06:38 size



Debug at: /opt/conda/envs/qiime2-amplicon-2026.1/bin/mafft:1455 

total 48K
-rw-r--r-- 1 vscode vscode   0 Apr 28 06:38 _aamtx
-rw-r--r-- 1 vscode vscode   0 Apr 28 06:38 _addfile
-rw-r--r-- 1 vscode vscode   0 Apr 28 06:38 _codonpos
-rw-r--r-- 1 vscode vscode   0 Apr 28 06:38 _codonscore
-rw-r--r-- 1 vscode vscode   0 Apr 28 06:38 _externalanchors
-rw-r--r-- 1 vscode vscode   0 Apr 28 06:38 _guidetree
-rw-r--r-- 1 vscode vscode   0 Apr 28 06:38 _lara.params
-rw-r--r-- 1 vscode vscode   0 Apr 28 06:38 _seedtablefile
-rw-r--r-- 1 vscode vscode   0 Apr 28 06:38 _subalignmentstable
-rw-r--r-- 1 vscode vscode 41K Apr 28 06:38 infile
-rw-r--r-- 1 vscode vscode   0 Apr 28 06:38 ownlist
-rw-r--r-- 1 vscode vscode   0 Apr 28 06:38 pdblist
-rw-r--r-- 1 vscode vscode  33 Apr 28 06:38 size



Debug at: /opt/conda/envs/qiime2-amplicon-2026.1/bin/mafft:1460 

total 48K
-rw-r--r-- 1 vscode vscode   0 Apr 28 06:38 _aamtx
-rw-r--r-- 1 vscode vscode   0 Apr 28 06:38 _addfile
-rw-r--r-- 1 vscode vscode   0 Apr 28 06:38 _codonpos
-rw-r--r-- 1 vscode vscode   0 Apr 28 06:38 _codonscore
-rw-r--r-- 1 vscode vscode   0 Apr 28 06:38 _externalanchors
-rw-r--r-- 1 vscode vscode   0 Apr 28 06:38 _guidetree
-rw-r--r-- 1 vscode vscode   0 Apr 28 06:38 _lara.params
-rw-r--r-- 1 vscode vscode   0 Apr 28 06:38 _seedtablefile
-rw-r--r-- 1 vscode vscode   0 Apr 28 06:38 _subalignmentstable
-rw-r--r-- 1 vscode vscode 41K Apr 28 06:38 infile
-rw-r--r-- 1 vscode vscode   0 Apr 28 06:38 ownlist
-rw-r--r-- 1 vscode vscode   0 Apr 28 06:38 pdblist
-rw-r--r-- 1 vscode vscode  33 Apr 28 06:38 size



Debug at: /opt/conda/envs/qiime2-amplicon-2026.1/bin/mafft:1465 

total 48K
-rw-r--r-- 1 vscode vscode   0 Apr 28 06:38 _aamtx
-rw-r--r-- 1 vscode vscode   0 Apr 28 06:38 _addfile
-rw-r--r-- 1 vscode vscode   0 Apr 28 06:38 _codonpos
-rw-r--r-- 1 vscode vscode   0 Apr 28 06:38 _codonscore
-rw-r--r-- 1 vscode vscode   0 Apr 28 06:38 _externalanchors
-rw-r--r-- 1 vscode vscode   0 Apr 28 06:38 _guidetree
-rw-r--r-- 1 vscode vscode   0 Apr 28 06:38 _lara.params
-rw-r--r-- 1 vscode vscode   0 Apr 28 06:38 _seedtablefile
-rw-r--r-- 1 vscode vscode   0 Apr 28 06:38 _subalignmentstable
-rw-r--r-- 1 vscode vscode 41K Apr 28 06:38 infile
-rw-r--r-- 1 vscode vscode   0 Apr 28 06:38 ownlist
-rw-r--r-- 1 vscode vscode   0 Apr 28 06:38 pdblist
-rw-r--r-- 1 vscode vscode  33 Apr 28 06:38 size



Debug at: /opt/conda/envs/qiime2-amplicon-2026.1/bin/mafft:1469 

total 48K
-rw-r--r-- 1 vscode vscode   0 Apr 28 06:38 _aamtx
-rw-r--r-- 1 vscode vscode   0 Apr 28 06:38 _addfile
-rw-r--r-- 1 vscode vscode   0 Apr 28 06:38 _codonpos
-rw-r--r-- 1 vscode vscode   0 Apr 28 06:38 _codonscore
-rw-r--r-- 1 vscode vscode   0 Apr 28 06:38 _externalanchors
-rw-r--r-- 1 vscode vscode   0 Apr 28 06:38 _guidetree
-rw-r--r-- 1 vscode vscode   0 Apr 28 06:38 _lara.params
-rw-r--r-- 1 vscode vscode   0 Apr 28 06:38 _seedtablefile
-rw-r--r-- 1 vscode vscode   0 Apr 28 06:38 _subalignmentstable
-rw-r--r-- 1 vscode vscode 41K Apr 28 06:38 infile
-rw-r--r-- 1 vscode vscode   0 Apr 28 06:38 ownlist
-rw-r--r-- 1 vscode vscode   0 Apr 28 06:38 pdblist
-rw-r--r-- 1 vscode vscode  33 Apr 28 06:38 size



Debug at: /opt/conda/envs/qiime2-amplicon-2026.1/bin/mafft:1498 

total 48K
-rw-r--r-- 1 vscode vscode   0 Apr 28 06:38 _aamtx
-rw-r--r-- 1 vscode vscode   0 Apr 28 06:38 _addfile
-rw-r--r-- 1 vscode vscode   0 Apr 28 06:38 _codonpos
-rw-r--r-- 1 vscode vscode   0 Apr 28 06:38 _codonscore
-rw-r--r-- 1 vscode vscode   0 Apr 28 06:38 _externalanchors
-rw-r--r-- 1 vscode vscode   0 Apr 28 06:38 _guidetree
-rw-r--r-- 1 vscode vscode   0 Apr 28 06:38 _lara.params
-rw-r--r-- 1 vscode vscode   0 Apr 28 06:38 _seedtablefile
-rw-r--r-- 1 vscode vscode   0 Apr 28 06:38 _subalignmentstable
-rw-r--r-- 1 vscode vscode 41K Apr 28 06:38 infile
-rw-r--r-- 1 vscode vscode   0 Apr 28 06:38 ownlist
-rw-r--r-- 1 vscode vscode   0 Apr 28 06:38 pdblist
-rw-r--r-- 1 vscode vscode  33 Apr 28 06:38 size



Debug at: /opt/conda/envs/qiime2-amplicon-2026.1/bin/mafft:1503 

total 48K
-rw-r--r-- 1 vscode vscode   0 Apr 28 06:38 _aamtx
-rw-r--r-- 1 vscode vscode   0 Apr 28 06:38 _addfile
-rw-r--r-- 1 vscode vscode   0 Apr 28 06:38 _codonpos
-rw-r--r-- 1 vscode vscode   0 Apr 28 06:38 _codonscore
-rw-r--r-- 1 vscode vscode   0 Apr 28 06:38 _externalanchors
-rw-r--r-- 1 vscode vscode   0 Apr 28 06:38 _guidetree
-rw-r--r-- 1 vscode vscode   0 Apr 28 06:38 _lara.params
-rw-r--r-- 1 vscode vscode   0 Apr 28 06:38 _seedtablefile
-rw-r--r-- 1 vscode vscode   0 Apr 28 06:38 _subalignmentstable
-rw-r--r-- 1 vscode vscode 41K Apr 28 06:38 infile
-rw-r--r-- 1 vscode vscode   0 Apr 28 06:38 ownlist
-rw-r--r-- 1 vscode vscode   0 Apr 28 06:38 pdblist
-rw-r--r-- 1 vscode vscode  33 Apr 28 06:38 size



Debug at: /opt/conda/envs/qiime2-amplicon-2026.1/bin/mafft:1507 

total 48K
-rw-r--r-- 1 vscode vscode   0 Apr 28 06:38 _aamtx
-rw-r--r-- 1 vscode vscode   0 Apr 28 06:38 _addfile
-rw-r--r-- 1 vscode vscode   0 Apr 28 06:38 _codonpos
-rw-r--r-- 1 vscode vscode   0 Apr 28 06:38 _codonscore
-rw-r--r-- 1 vscode vscode   0 Apr 28 06:38 _externalanchors
-rw-r--r-- 1 vscode vscode   0 Apr 28 06:38 _guidetree
-rw-r--r-- 1 vscode vscode   0 Apr 28 06:38 _lara.params
-rw-r--r-- 1 vscode vscode   0 Apr 28 06:38 _seedtablefile
-rw-r--r-- 1 vscode vscode   0 Apr 28 06:38 _subalignmentstable
-rw-r--r-- 1 vscode vscode 41K Apr 28 06:38 infile
-rw-r--r-- 1 vscode vscode   0 Apr 28 06:38 ownlist
-rw-r--r-- 1 vscode vscode   0 Apr 28 06:38 pdblist
-rw-r--r-- 1 vscode vscode  33 Apr 28 06:38 size



Debug at: /opt/conda/envs/qiime2-amplicon-2026.1/bin/mafft:1508 

total 48K
-rw-r--r-- 1 vscode vscode   0 Apr 28 06:38 _aamtx
-rw-r--r-- 1 vscode vscode   0 Apr 28 06:38 _addfile
-rw-r--r-- 1 vscode vscode   0 Apr 28 06:38 _codonpos
-rw-r--r-- 1 vscode vscode   0 Apr 28 06:38 _codonscore
-rw-r--r-- 1 vscode vscode   0 Apr 28 06:38 _externalanchors
-rw-r--r-- 1 vscode vscode   0 Apr 28 06:38 _guidetree
-rw-r--r-- 1 vscode vscode   0 Apr 28 06:38 _lara.params
-rw-r--r-- 1 vscode vscode   0 Apr 28 06:38 _seedtablefile
-rw-r--r-- 1 vscode vscode   0 Apr 28 06:38 _subalignmentstable
-rw-r--r-- 1 vscode vscode 41K Apr 28 06:38 infile
-rw-r--r-- 1 vscode vscode   0 Apr 28 06:38 ownlist
-rw-r--r-- 1 vscode vscode   0 Apr 28 06:38 pdblist
-rw-r--r-- 1 vscode vscode  33 Apr 28 06:38 size



Debug at: /opt/conda/envs/qiime2-amplicon-2026.1/bin/mafft:1509 

total 48K
-rw-r--r-- 1 vscode vscode   0 Apr 28 06:38 _aamtx
-rw-r--r-- 1 vscode vscode   0 Apr 28 06:38 _addfile
-rw-r--r-- 1 vscode vscode   0 Apr 28 06:38 _codonpos
-rw-r--r-- 1 vscode vscode   0 Apr 28 06:38 _codonscore
-rw-r--r-- 1 vscode vscode   0 Apr 28 06:38 _externalanchors
-rw-r--r-- 1 vscode vscode   0 Apr 28 06:38 _guidetree
-rw-r--r-- 1 vscode vscode   0 Apr 28 06:38 _lara.params
-rw-r--r-- 1 vscode vscode   0 Apr 28 06:38 _seedtablefile
-rw-r--r-- 1 vscode vscode   0 Apr 28 06:38 _subalignmentstable
-rw-r--r-- 1 vscode vscode 41K Apr 28 06:38 infile
-rw-r--r-- 1 vscode vscode   0 Apr 28 06:38 ownlist
-rw-r--r-- 1 vscode vscode   0 Apr 28 06:38 pdblist
-rw-r--r-- 1 vscode vscode  33 Apr 28 06:38 size



Debug at: /opt/conda/envs/qiime2-amplicon-2026.1/bin/mafft:1512 

total 48K
-rw-r--r-- 1 vscode vscode   0 Apr 28 06:38 _aamtx
-rw-r--r-- 1 vscode vscode   0 Apr 28 06:38 _addfile
-rw-r--r-- 1 vscode vscode   0 Apr 28 06:38 _codonpos
-rw-r--r-- 1 vscode vscode   0 Apr 28 06:38 _codonscore
-rw-r--r-- 1 vscode vscode   0 Apr 28 06:38 _externalanchors
-rw-r--r-- 1 vscode vscode   0 Apr 28 06:38 _guidetree
-rw-r--r-- 1 vscode vscode   0 Apr 28 06:38 _lara.params
-rw-r--r-- 1 vscode vscode   0 Apr 28 06:38 _seedtablefile
-rw-r--r-- 1 vscode vscode   0 Apr 28 06:38 _subalignmentstable
-rw-r--r-- 1 vscode vscode 41K Apr 28 06:38 infile
-rw-r--r-- 1 vscode vscode   0 Apr 28 06:38 ownlist
-rw-r--r-- 1 vscode vscode   0 Apr 28 06:38 pdblist
-rw-r--r-- 1 vscode vscode  33 Apr 28 06:38 size



Debug at: /opt/conda/envs/qiime2-amplicon-2026.1/bin/mafft:1515 

total 48K
-rw-r--r-- 1 vscode vscode   0 Apr 28 06:38 _aamtx
-rw-r--r-- 1 vscode vscode   0 Apr 28 06:38 _addfile
-rw-r--r-- 1 vscode vscode   0 Apr 28 06:38 _codonpos
-rw-r--r-- 1 vscode vscode   0 Apr 28 06:38 _codonscore
-rw-r--r-- 1 vscode vscode   0 Apr 28 06:38 _externalanchors
-rw-r--r-- 1 vscode vscode   0 Apr 28 06:38 _guidetree
-rw-r--r-- 1 vscode vscode   0 Apr 28 06:38 _lara.params
-rw-r--r-- 1 vscode vscode   0 Apr 28 06:38 _seedtablefile
-rw-r--r-- 1 vscode vscode   0 Apr 28 06:38 _subalignmentstable
-rw-r--r-- 1 vscode vscode 41K Apr 28 06:38 infile
-rw-r--r-- 1 vscode vscode   0 Apr 28 06:38 ownlist
-rw-r--r-- 1 vscode vscode   0 Apr 28 06:38 pdblist
-rw-r--r-- 1 vscode vscode  33 Apr 28 06:38 size



Debug at: /opt/conda/envs/qiime2-amplicon-2026.1/bin/mafft:1517 

total 48K
-rw-r--r-- 1 vscode vscode   0 Apr 28 06:38 _aamtx
-rw-r--r-- 1 vscode vscode   0 Apr 28 06:38 _addfile
-rw-r--r-- 1 vscode vscode   0 Apr 28 06:38 _codonpos
-rw-r--r-- 1 vscode vscode   0 Apr 28 06:38 _codonscore
-rw-r--r-- 1 vscode vscode   0 Apr 28 06:38 _externalanchors
-rw-r--r-- 1 vscode vscode   0 Apr 28 06:38 _guidetree
-rw-r--r-- 1 vscode vscode   0 Apr 28 06:38 _lara.params
-rw-r--r-- 1 vscode vscode   0 Apr 28 06:38 _seedtablefile
-rw-r--r-- 1 vscode vscode   0 Apr 28 06:38 _subalignmentstable
-rw-r--r-- 1 vscode vscode 41K Apr 28 06:38 infile
-rw-r--r-- 1 vscode vscode   0 Apr 28 06:38 ownlist
-rw-r--r-- 1 vscode vscode   0 Apr 28 06:38 pdblist
-rw-r--r-- 1 vscode vscode  33 Apr 28 06:38 size



Debug at: /opt/conda/envs/qiime2-amplicon-2026.1/bin/mafft:1521 

total 48K
-rw-r--r-- 1 vscode vscode   0 Apr 28 06:38 _aamtx
-rw-r--r-- 1 vscode vscode   0 Apr 28 06:38 _addfile
-rw-r--r-- 1 vscode vscode   0 Apr 28 06:38 _codonpos
-rw-r--r-- 1 vscode vscode   0 Apr 28 06:38 _codonscore
-rw-r--r-- 1 vscode vscode   0 Apr 28 06:38 _externalanchors
-rw-r--r-- 1 vscode vscode   0 Apr 28 06:38 _guidetree
-rw-r--r-- 1 vscode vscode   0 Apr 28 06:38 _lara.params
-rw-r--r-- 1 vscode vscode   0 Apr 28 06:38 _seedtablefile
-rw-r--r-- 1 vscode vscode   0 Apr 28 06:38 _subalignmentstable
-rw-r--r-- 1 vscode vscode 41K Apr 28 06:38 infile
-rw-r--r-- 1 vscode vscode   0 Apr 28 06:38 ownlist
-rw-r--r-- 1 vscode vscode   0 Apr 28 06:38 pdblist
-rw-r--r-- 1 vscode vscode  33 Apr 28 06:38 size



Debug at: /opt/conda/envs/qiime2-amplicon-2026.1/bin/mafft:1525 

total 48K
-rw-r--r-- 1 vscode vscode   0 Apr 28 06:38 _aamtx
-rw-r--r-- 1 vscode vscode   0 Apr 28 06:38 _addfile
-rw-r--r-- 1 vscode vscode   0 Apr 28 06:38 _codonpos
-rw-r--r-- 1 vscode vscode   0 Apr 28 06:38 _codonscore
-rw-r--r-- 1 vscode vscode   0 Apr 28 06:38 _externalanchors
-rw-r--r-- 1 vscode vscode   0 Apr 28 06:38 _guidetree
-rw-r--r-- 1 vscode vscode   0 Apr 28 06:38 _lara.params
-rw-r--r-- 1 vscode vscode   0 Apr 28 06:38 _seedtablefile
-rw-r--r-- 1 vscode vscode   0 Apr 28 06:38 _subalignmentstable
-rw-r--r-- 1 vscode vscode 41K Apr 28 06:38 infile
-rw-r--r-- 1 vscode vscode   0 Apr 28 06:38 ownlist
-rw-r--r-- 1 vscode vscode   0 Apr 28 06:38 pdblist
-rw-r--r-- 1 vscode vscode  33 Apr 28 06:38 size



Debug at: /opt/conda/envs/qiime2-amplicon-2026.1/bin/mafft:1530 

total 48K
-rw-r--r-- 1 vscode vscode   0 Apr 28 06:38 _aamtx
-rw-r--r-- 1 vscode vscode   0 Apr 28 06:38 _addfile
-rw-r--r-- 1 vscode vscode   0 Apr 28 06:38 _codonpos
-rw-r--r-- 1 vscode vscode   0 Apr 28 06:38 _codonscore
-rw-r--r-- 1 vscode vscode   0 Apr 28 06:38 _externalanchors
-rw-r--r-- 1 vscode vscode   0 Apr 28 06:38 _guidetree
-rw-r--r-- 1 vscode vscode   0 Apr 28 06:38 _lara.params
-rw-r--r-- 1 vscode vscode   0 Apr 28 06:38 _seedtablefile
-rw-r--r-- 1 vscode vscode   0 Apr 28 06:38 _subalignmentstable
-rw-r--r-- 1 vscode vscode 41K Apr 28 06:38 infile
-rw-r--r-- 1 vscode vscode   0 Apr 28 06:38 ownlist
-rw-r--r-- 1 vscode vscode   0 Apr 28 06:38 pdblist
-rw-r--r-- 1 vscode vscode  33 Apr 28 06:38 size



Debug at: /opt/conda/envs/qiime2-amplicon-2026.1/bin/mafft:1531 

total 48K
-rw-r--r-- 1 vscode vscode   0 Apr 28 06:38 _aamtx
-rw-r--r-- 1 vscode vscode   0 Apr 28 06:38 _addfile
-rw-r--r-- 1 vscode vscode   0 Apr 28 06:38 _codonpos
-rw-r--r-- 1 vscode vscode   0 Apr 28 06:38 _codonscore
-rw-r--r-- 1 vscode vscode   0 Apr 28 06:38 _externalanchors
-rw-r--r-- 1 vscode vscode   0 Apr 28 06:38 _guidetree
-rw-r--r-- 1 vscode vscode   0 Apr 28 06:38 _lara.params
-rw-r--r-- 1 vscode vscode   0 Apr 28 06:38 _seedtablefile
-rw-r--r-- 1 vscode vscode   0 Apr 28 06:38 _subalignmentstable
-rw-r--r-- 1 vscode vscode 41K Apr 28 06:38 infile
-rw-r--r-- 1 vscode vscode   0 Apr 28 06:38 ownlist
-rw-r--r-- 1 vscode vscode   0 Apr 28 06:38 pdblist
-rw-r--r-- 1 vscode vscode  33 Apr 28 06:38 size



Debug at: /opt/conda/envs/qiime2-amplicon-2026.1/bin/mafft:1544 

total 48K
-rw-r--r-- 1 vscode vscode   0 Apr 28 06:38 _aamtx
-rw-r--r-- 1 vscode vscode   0 Apr 28 06:38 _addfile
-rw-r--r-- 1 vscode vscode   0 Apr 28 06:38 _codonpos
-rw-r--r-- 1 vscode vscode   0 Apr 28 06:38 _codonscore
-rw-r--r-- 1 vscode vscode   0 Apr 28 06:38 _externalanchors
-rw-r--r-- 1 vscode vscode   0 Apr 28 06:38 _guidetree
-rw-r--r-- 1 vscode vscode   0 Apr 28 06:38 _lara.params
-rw-r--r-- 1 vscode vscode   0 Apr 28 06:38 _seedtablefile
-rw-r--r-- 1 vscode vscode   0 Apr 28 06:38 _subalignmentstable
-rw-r--r-- 1 vscode vscode 41K Apr 28 06:38 infile
-rw-r--r-- 1 vscode vscode   0 Apr 28 06:38 ownlist
-rw-r--r-- 1 vscode vscode   0 Apr 28 06:38 pdblist
-rw-r--r-- 1 vscode vscode  33 Apr 28 06:38 size



Debug at: /opt/conda/envs/qiime2-amplicon-2026.1/bin/mafft:1563 

total 48K
-rw-r--r-- 1 vscode vscode   0 Apr 28 06:38 _aamtx
-rw-r--r-- 1 vscode vscode   0 Apr 28 06:38 _addfile
-rw-r--r-- 1 vscode vscode   0 Apr 28 06:38 _codonpos
-rw-r--r-- 1 vscode vscode   0 Apr 28 06:38 _codonscore
-rw-r--r-- 1 vscode vscode   0 Apr 28 06:38 _externalanchors
-rw-r--r-- 1 vscode vscode   0 Apr 28 06:38 _guidetree
-rw-r--r-- 1 vscode vscode   0 Apr 28 06:38 _lara.params
-rw-r--r-- 1 vscode vscode   0 Apr 28 06:38 _seedtablefile
-rw-r--r-- 1 vscode vscode   0 Apr 28 06:38 _subalignmentstable
-rw-r--r-- 1 vscode vscode 41K Apr 28 06:38 infile
-rw-r--r-- 1 vscode vscode   0 Apr 28 06:38 ownlist
-rw-r--r-- 1 vscode vscode   0 Apr 28 06:38 pdblist
-rw-r--r-- 1 vscode vscode  33 Apr 28 06:38 size



Debug at: /opt/conda/envs/qiime2-amplicon-2026.1/bin/mafft:1565 

total 48K
-rw-r--r-- 1 vscode vscode   0 Apr 28 06:38 _aamtx
-rw-r--r-- 1 vscode vscode   0 Apr 28 06:38 _addfile
-rw-r--r-- 1 vscode vscode   0 Apr 28 06:38 _codonpos
-rw-r--r-- 1 vscode vscode   0 Apr 28 06:38 _codonscore
-rw-r--r-- 1 vscode vscode   0 Apr 28 06:38 _externalanchors
-rw-r--r-- 1 vscode vscode   0 Apr 28 06:38 _guidetree
-rw-r--r-- 1 vscode vscode   0 Apr 28 06:38 _lara.params
-rw-r--r-- 1 vscode vscode   0 Apr 28 06:38 _seedtablefile
-rw-r--r-- 1 vscode vscode   0 Apr 28 06:38 _subalignmentstable
-rw-r--r-- 1 vscode vscode 41K Apr 28 06:38 infile
-rw-r--r-- 1 vscode vscode   0 Apr 28 06:38 ownlist
-rw-r--r-- 1 vscode vscode   0 Apr 28 06:38 pdblist
-rw-r--r-- 1 vscode vscode  33 Apr 28 06:38 size



Debug at: /opt/conda/envs/qiime2-amplicon-2026.1/bin/mafft:1645 

total 48K
-rw-r--r-- 1 vscode vscode   0 Apr 28 06:38 _aamtx
-rw-r--r-- 1 vscode vscode   0 Apr 28 06:38 _addfile
-rw-r--r-- 1 vscode vscode   0 Apr 28 06:38 _codonpos
-rw-r--r-- 1 vscode vscode   0 Apr 28 06:38 _codonscore
-rw-r--r-- 1 vscode vscode   0 Apr 28 06:38 _externalanchors
-rw-r--r-- 1 vscode vscode   0 Apr 28 06:38 _guidetree
-rw-r--r-- 1 vscode vscode   0 Apr 28 06:38 _lara.params
-rw-r--r-- 1 vscode vscode   0 Apr 28 06:38 _seedtablefile
-rw-r--r-- 1 vscode vscode   0 Apr 28 06:38 _subalignmentstable
-rw-r--r-- 1 vscode vscode 41K Apr 28 06:38 infile
-rw-r--r-- 1 vscode vscode   0 Apr 28 06:38 ownlist
-rw-r--r-- 1 vscode vscode   0 Apr 28 06:38 pdblist
-rw-r--r-- 1 vscode vscode  33 Apr 28 06:38 size



Debug at: /opt/conda/envs/qiime2-amplicon-2026.1/bin/mafft:1648 

total 48K
-rw-r--r-- 1 vscode vscode   0 Apr 28 06:38 _aamtx
-rw-r--r-- 1 vscode vscode   0 Apr 28 06:38 _addfile
-rw-r--r-- 1 vscode vscode   0 Apr 28 06:38 _codonpos
-rw-r--r-- 1 vscode vscode   0 Apr 28 06:38 _codonscore
-rw-r--r-- 1 vscode vscode   0 Apr 28 06:38 _externalanchors
-rw-r--r-- 1 vscode vscode   0 Apr 28 06:38 _guidetree
-rw-r--r-- 1 vscode vscode   0 Apr 28 06:38 _lara.params
-rw-r--r-- 1 vscode vscode   0 Apr 28 06:38 _seedtablefile
-rw-r--r-- 1 vscode vscode   0 Apr 28 06:38 _subalignmentstable
-rw-r--r-- 1 vscode vscode 41K Apr 28 06:38 infile
-rw-r--r-- 1 vscode vscode   0 Apr 28 06:38 ownlist
-rw-r--r-- 1 vscode vscode   0 Apr 28 06:38 pdblist
-rw-r--r-- 1 vscode vscode  33 Apr 28 06:38 size



Debug at: /opt/conda/envs/qiime2-amplicon-2026.1/bin/mafft:1651 

total 48K
-rw-r--r-- 1 vscode vscode   0 Apr 28 06:38 _aamtx
-rw-r--r-- 1 vscode vscode   0 Apr 28 06:38 _addfile
-rw-r--r-- 1 vscode vscode   0 Apr 28 06:38 _codonpos
-rw-r--r-- 1 vscode vscode   0 Apr 28 06:38 _codonscore
-rw-r--r-- 1 vscode vscode   0 Apr 28 06:38 _externalanchors
-rw-r--r-- 1 vscode vscode   0 Apr 28 06:38 _guidetree
-rw-r--r-- 1 vscode vscode   0 Apr 28 06:38 _lara.params
-rw-r--r-- 1 vscode vscode   0 Apr 28 06:38 _seedtablefile
-rw-r--r-- 1 vscode vscode   0 Apr 28 06:38 _subalignmentstable
-rw-r--r-- 1 vscode vscode 41K Apr 28 06:38 infile
-rw-r--r-- 1 vscode vscode   0 Apr 28 06:38 ownlist
-rw-r--r-- 1 vscode vscode   0 Apr 28 06:38 pdblist
-rw-r--r-- 1 vscode vscode  33 Apr 28 06:38 size



Debug at: /opt/conda/envs/qiime2-amplicon-2026.1/bin/mafft:1668 

total 48K
-rw-r--r-- 1 vscode vscode   0 Apr 28 06:38 _aamtx
-rw-r--r-- 1 vscode vscode   0 Apr 28 06:38 _addfile
-rw-r--r-- 1 vscode vscode   0 Apr 28 06:38 _codonpos
-rw-r--r-- 1 vscode vscode   0 Apr 28 06:38 _codonscore
-rw-r--r-- 1 vscode vscode   0 Apr 28 06:38 _externalanchors
-rw-r--r-- 1 vscode vscode   0 Apr 28 06:38 _guidetree
-rw-r--r-- 1 vscode vscode   0 Apr 28 06:38 _lara.params
-rw-r--r-- 1 vscode vscode   0 Apr 28 06:38 _seedtablefile
-rw-r--r-- 1 vscode vscode   0 Apr 28 06:38 _subalignmentstable
-rw-r--r-- 1 vscode vscode 41K Apr 28 06:38 infile
-rw-r--r-- 1 vscode vscode   0 Apr 28 06:38 ownlist
-rw-r--r-- 1 vscode vscode   0 Apr 28 06:38 pdblist
-rw-r--r-- 1 vscode vscode  33 Apr 28 06:38 size



Debug at: /opt/conda/envs/qiime2-amplicon-2026.1/bin/mafft:1680 

total 48K
-rw-r--r-- 1 vscode vscode   0 Apr 28 06:38 _aamtx
-rw-r--r-- 1 vscode vscode   0 Apr 28 06:38 _addfile
-rw-r--r-- 1 vscode vscode   0 Apr 28 06:38 _codonpos
-rw-r--r-- 1 vscode vscode   0 Apr 28 06:38 _codonscore
-rw-r--r-- 1 vscode vscode   0 Apr 28 06:38 _externalanchors
-rw-r--r-- 1 vscode vscode   0 Apr 28 06:38 _guidetree
-rw-r--r-- 1 vscode vscode   0 Apr 28 06:38 _lara.params
-rw-r--r-- 1 vscode vscode   0 Apr 28 06:38 _seedtablefile
-rw-r--r-- 1 vscode vscode   0 Apr 28 06:38 _subalignmentstable
-rw-r--r-- 1 vscode vscode 41K Apr 28 06:38 infile
-rw-r--r-- 1 vscode vscode   0 Apr 28 06:38 ownlist
-rw-r--r-- 1 vscode vscode   0 Apr 28 06:38 pdblist
-rw-r--r-- 1 vscode vscode  33 Apr 28 06:38 size



Debug at: /opt/conda/envs/qiime2-amplicon-2026.1/bin/mafft:1705 

total 48K
-rw-r--r-- 1 vscode vscode   0 Apr 28 06:38 _aamtx
-rw-r--r-- 1 vscode vscode   0 Apr 28 06:38 _addfile
-rw-r--r-- 1 vscode vscode   0 Apr 28 06:38 _codonpos
-rw-r--r-- 1 vscode vscode   0 Apr 28 06:38 _codonscore
-rw-r--r-- 1 vscode vscode   0 Apr 28 06:38 _externalanchors
-rw-r--r-- 1 vscode vscode   0 Apr 28 06:38 _guidetree
-rw-r--r-- 1 vscode vscode   0 Apr 28 06:38 _lara.params
-rw-r--r-- 1 vscode vscode   0 Apr 28 06:38 _seedtablefile
-rw-r--r-- 1 vscode vscode   0 Apr 28 06:38 _subalignmentstable
-rw-r--r-- 1 vscode vscode 41K Apr 28 06:38 infile
-rw-r--r-- 1 vscode vscode   0 Apr 28 06:38 ownlist
-rw-r--r-- 1 vscode vscode   0 Apr 28 06:38 pdblist
-rw-r--r-- 1 vscode vscode  33 Apr 28 06:38 size



Debug at: /opt/conda/envs/qiime2-amplicon-2026.1/bin/mafft:1717 

total 48K
-rw-r--r-- 1 vscode vscode   0 Apr 28 06:38 _aamtx
-rw-r--r-- 1 vscode vscode   0 Apr 28 06:38 _addfile
-rw-r--r-- 1 vscode vscode   0 Apr 28 06:38 _codonpos
-rw-r--r-- 1 vscode vscode   0 Apr 28 06:38 _codonscore
-rw-r--r-- 1 vscode vscode   0 Apr 28 06:38 _externalanchors
-rw-r--r-- 1 vscode vscode   0 Apr 28 06:38 _guidetree
-rw-r--r-- 1 vscode vscode   0 Apr 28 06:38 _lara.params
-rw-r--r-- 1 vscode vscode   0 Apr 28 06:38 _seedtablefile
-rw-r--r-- 1 vscode vscode   0 Apr 28 06:38 _subalignmentstable
-rw-r--r-- 1 vscode vscode 41K Apr 28 06:38 infile
-rw-r--r-- 1 vscode vscode   0 Apr 28 06:38 ownlist
-rw-r--r-- 1 vscode vscode   0 Apr 28 06:38 pdblist
-rw-r--r-- 1 vscode vscode  33 Apr 28 06:38 size



Debug at: /opt/conda/envs/qiime2-amplicon-2026.1/bin/mafft:1730 

total 48K
-rw-r--r-- 1 vscode vscode   0 Apr 28 06:38 _aamtx
-rw-r--r-- 1 vscode vscode   0 Apr 28 06:38 _addfile
-rw-r--r-- 1 vscode vscode   0 Apr 28 06:38 _codonpos
-rw-r--r-- 1 vscode vscode   0 Apr 28 06:38 _codonscore
-rw-r--r-- 1 vscode vscode   0 Apr 28 06:38 _externalanchors
-rw-r--r-- 1 vscode vscode   0 Apr 28 06:38 _guidetree
-rw-r--r-- 1 vscode vscode   0 Apr 28 06:38 _lara.params
-rw-r--r-- 1 vscode vscode   0 Apr 28 06:38 _seedtablefile
-rw-r--r-- 1 vscode vscode   0 Apr 28 06:38 _subalignmentstable
-rw-r--r-- 1 vscode vscode 41K Apr 28 06:38 infile
-rw-r--r-- 1 vscode vscode   0 Apr 28 06:38 ownlist
-rw-r--r-- 1 vscode vscode   0 Apr 28 06:38 pdblist
-rw-r--r-- 1 vscode vscode  33 Apr 28 06:38 size



Debug at: /opt/conda/envs/qiime2-amplicon-2026.1/bin/mafft:1741 

total 48K
-rw-r--r-- 1 vscode vscode   0 Apr 28 06:38 _aamtx
-rw-r--r-- 1 vscode vscode   0 Apr 28 06:38 _addfile
-rw-r--r-- 1 vscode vscode   0 Apr 28 06:38 _codonpos
-rw-r--r-- 1 vscode vscode   0 Apr 28 06:38 _codonscore
-rw-r--r-- 1 vscode vscode   0 Apr 28 06:38 _externalanchors
-rw-r--r-- 1 vscode vscode   0 Apr 28 06:38 _guidetree
-rw-r--r-- 1 vscode vscode   0 Apr 28 06:38 _lara.params
-rw-r--r-- 1 vscode vscode   0 Apr 28 06:38 _seedtablefile
-rw-r--r-- 1 vscode vscode   0 Apr 28 06:38 _subalignmentstable
-rw-r--r-- 1 vscode vscode 41K Apr 28 06:38 infile
-rw-r--r-- 1 vscode vscode   0 Apr 28 06:38 ownlist
-rw-r--r-- 1 vscode vscode   0 Apr 28 06:38 pdblist
-rw-r--r-- 1 vscode vscode  33 Apr 28 06:38 size



Debug at: /opt/conda/envs/qiime2-amplicon-2026.1/bin/mafft:1782 

total 48K
-rw-r--r-- 1 vscode vscode   0 Apr 28 06:38 _aamtx
-rw-r--r-- 1 vscode vscode   0 Apr 28 06:38 _addfile
-rw-r--r-- 1 vscode vscode   0 Apr 28 06:38 _codonpos
-rw-r--r-- 1 vscode vscode   0 Apr 28 06:38 _codonscore
-rw-r--r-- 1 vscode vscode   0 Apr 28 06:38 _externalanchors
-rw-r--r-- 1 vscode vscode   0 Apr 28 06:38 _guidetree
-rw-r--r-- 1 vscode vscode   0 Apr 28 06:38 _lara.params
-rw-r--r-- 1 vscode vscode   0 Apr 28 06:38 _seedtablefile
-rw-r--r-- 1 vscode vscode   0 Apr 28 06:38 _subalignmentstable
-rw-r--r-- 1 vscode vscode 41K Apr 28 06:38 infile
-rw-r--r-- 1 vscode vscode   0 Apr 28 06:38 ownlist
-rw-r--r-- 1 vscode vscode   0 Apr 28 06:38 pdblist
-rw-r--r-- 1 vscode vscode  33 Apr 28 06:38 size



Debug at: /opt/conda/envs/qiime2-amplicon-2026.1/bin/mafft:1807 

total 48K
-rw-r--r-- 1 vscode vscode   0 Apr 28 06:38 _aamtx
-rw-r--r-- 1 vscode vscode   0 Apr 28 06:38 _addfile
-rw-r--r-- 1 vscode vscode   0 Apr 28 06:38 _codonpos
-rw-r--r-- 1 vscode vscode   0 Apr 28 06:38 _codonscore
-rw-r--r-- 1 vscode vscode   0 Apr 28 06:38 _externalanchors
-rw-r--r-- 1 vscode vscode   0 Apr 28 06:38 _guidetree
-rw-r--r-- 1 vscode vscode   0 Apr 28 06:38 _lara.params
-rw-r--r-- 1 vscode vscode   0 Apr 28 06:38 _seedtablefile
-rw-r--r-- 1 vscode vscode   0 Apr 28 06:38 _subalignmentstable
-rw-r--r-- 1 vscode vscode 41K Apr 28 06:38 infile
-rw-r--r-- 1 vscode vscode   0 Apr 28 06:38 ownlist
-rw-r--r-- 1 vscode vscode   0 Apr 28 06:38 pdblist
-rw-r--r-- 1 vscode vscode  33 Apr 28 06:38 size



Debug at: /opt/conda/envs/qiime2-amplicon-2026.1/bin/mafft:1814 

total 48K
-rw-r--r-- 1 vscode vscode   0 Apr 28 06:38 _aamtx
-rw-r--r-- 1 vscode vscode   0 Apr 28 06:38 _addfile
-rw-r--r-- 1 vscode vscode   0 Apr 28 06:38 _codonpos
-rw-r--r-- 1 vscode vscode   0 Apr 28 06:38 _codonscore
-rw-r--r-- 1 vscode vscode   0 Apr 28 06:38 _externalanchors
-rw-r--r-- 1 vscode vscode   0 Apr 28 06:38 _guidetree
-rw-r--r-- 1 vscode vscode   0 Apr 28 06:38 _lara.params
-rw-r--r-- 1 vscode vscode   0 Apr 28 06:38 _seedtablefile
-rw-r--r-- 1 vscode vscode   0 Apr 28 06:38 _subalignmentstable
-rw-r--r-- 1 vscode vscode 41K Apr 28 06:38 infile
-rw-r--r-- 1 vscode vscode   0 Apr 28 06:38 ownlist
-rw-r--r-- 1 vscode vscode   0 Apr 28 06:38 pdblist
-rw-r--r-- 1 vscode vscode  33 Apr 28 06:38 size



Debug at: /opt/conda/envs/qiime2-amplicon-2026.1/bin/mafft:1818 

total 48K
-rw-r--r-- 1 vscode vscode   0 Apr 28 06:38 _aamtx
-rw-r--r-- 1 vscode vscode   0 Apr 28 06:38 _addfile
-rw-r--r-- 1 vscode vscode   0 Apr 28 06:38 _codonpos
-rw-r--r-- 1 vscode vscode   0 Apr 28 06:38 _codonscore
-rw-r--r-- 1 vscode vscode   0 Apr 28 06:38 _externalanchors
-rw-r--r-- 1 vscode vscode   0 Apr 28 06:38 _guidetree
-rw-r--r-- 1 vscode vscode   0 Apr 28 06:38 _lara.params
-rw-r--r-- 1 vscode vscode   0 Apr 28 06:38 _seedtablefile
-rw-r--r-- 1 vscode vscode   0 Apr 28 06:38 _subalignmentstable
-rw-r--r-- 1 vscode vscode 41K Apr 28 06:38 infile
-rw-r--r-- 1 vscode vscode   0 Apr 28 06:38 ownlist
-rw-r--r-- 1 vscode vscode   0 Apr 28 06:38 pdblist
-rw-r--r-- 1 vscode vscode  33 Apr 28 06:38 size



Debug at: /opt/conda/envs/qiime2-amplicon-2026.1/bin/mafft:1819 

total 48K
-rw-r--r-- 1 vscode vscode   0 Apr 28 06:38 _aamtx
-rw-r--r-- 1 vscode vscode   0 Apr 28 06:38 _addfile
-rw-r--r-- 1 vscode vscode   0 Apr 28 06:38 _codonpos
-rw-r--r-- 1 vscode vscode   0 Apr 28 06:38 _codonscore
-rw-r--r-- 1 vscode vscode   0 Apr 28 06:38 _externalanchors
-rw-r--r-- 1 vscode vscode   0 Apr 28 06:38 _guidetree
-rw-r--r-- 1 vscode vscode   0 Apr 28 06:38 _lara.params
-rw-r--r-- 1 vscode vscode   0 Apr 28 06:38 _seedtablefile
-rw-r--r-- 1 vscode vscode   0 Apr 28 06:38 _subalignmentstable
-rw-r--r-- 1 vscode vscode 41K Apr 28 06:38 infile
-rw-r--r-- 1 vscode vscode   0 Apr 28 06:38 ownlist
-rw-r--r-- 1 vscode vscode   0 Apr 28 06:38 pdblist
-rw-r--r-- 1 vscode vscode  33 Apr 28 06:38 size



Debug at: /opt/conda/envs/qiime2-amplicon-2026.1/bin/mafft:1821 

total 48K
-rw-r--r-- 1 vscode vscode   0 Apr 28 06:38 _aamtx
-rw-r--r-- 1 vscode vscode   0 Apr 28 06:38 _addfile
-rw-r--r-- 1 vscode vscode   0 Apr 28 06:38 _codonpos
-rw-r--r-- 1 vscode vscode   0 Apr 28 06:38 _codonscore
-rw-r--r-- 1 vscode vscode   0 Apr 28 06:38 _externalanchors
-rw-r--r-- 1 vscode vscode   0 Apr 28 06:38 _guidetree
-rw-r--r-- 1 vscode vscode   0 Apr 28 06:38 _lara.params
-rw-r--r-- 1 vscode vscode   0 Apr 28 06:38 _seedtablefile
-rw-r--r-- 1 vscode vscode   0 Apr 28 06:38 _subalignmentstable
-rw-r--r-- 1 vscode vscode 41K Apr 28 06:38 infile
-rw-r--r-- 1 vscode vscode   0 Apr 28 06:38 ownlist
-rw-r--r-- 1 vscode vscode   0 Apr 28 06:38 pdblist
-rw-r--r-- 1 vscode vscode  33 Apr 28 06:38 size



Debug at: /opt/conda/envs/qiime2-amplicon-2026.1/bin/mafft:1827 

total 48K
-rw-r--r-- 1 vscode vscode   0 Apr 28 06:38 _aamtx
-rw-r--r-- 1 vscode vscode   0 Apr 28 06:38 _addfile
-rw-r--r-- 1 vscode vscode   0 Apr 28 06:38 _codonpos
-rw-r--r-- 1 vscode vscode   0 Apr 28 06:38 _codonscore
-rw-r--r-- 1 vscode vscode   0 Apr 28 06:38 _externalanchors
-rw-r--r-- 1 vscode vscode   0 Apr 28 06:38 _guidetree
-rw-r--r-- 1 vscode vscode   0 Apr 28 06:38 _lara.params
-rw-r--r-- 1 vscode vscode   0 Apr 28 06:38 _seedtablefile
-rw-r--r-- 1 vscode vscode   0 Apr 28 06:38 _subalignmentstable
-rw-r--r-- 1 vscode vscode 41K Apr 28 06:38 infile
-rw-r--r-- 1 vscode vscode   0 Apr 28 06:38 ownlist
-rw-r--r-- 1 vscode vscode   0 Apr 28 06:38 pdblist
-rw-r--r-- 1 vscode vscode  33 Apr 28 06:38 size



Debug at: /opt/conda/envs/qiime2-amplicon-2026.1/bin/mafft:1828 

total 48K
-rw-r--r-- 1 vscode vscode   0 Apr 28 06:38 _aamtx
-rw-r--r-- 1 vscode vscode   0 Apr 28 06:38 _addfile
-rw-r--r-- 1 vscode vscode   0 Apr 28 06:38 _codonpos
-rw-r--r-- 1 vscode vscode   0 Apr 28 06:38 _codonscore
-rw-r--r-- 1 vscode vscode   0 Apr 28 06:38 _externalanchors
-rw-r--r-- 1 vscode vscode   0 Apr 28 06:38 _guidetree
-rw-r--r-- 1 vscode vscode   0 Apr 28 06:38 _lara.params
-rw-r--r-- 1 vscode vscode   0 Apr 28 06:38 _seedtablefile
-rw-r--r-- 1 vscode vscode   0 Apr 28 06:38 _subalignmentstable
-rw-r--r-- 1 vscode vscode 41K Apr 28 06:38 infile
-rw-r--r-- 1 vscode vscode   0 Apr 28 06:38 ownlist
-rw-r--r-- 1 vscode vscode   0 Apr 28 06:38 pdblist
-rw-r--r-- 1 vscode vscode  33 Apr 28 06:38 size



Debug at: /opt/conda/envs/qiime2-amplicon-2026.1/bin/mafft:1836 

total 48K
-rw-r--r-- 1 vscode vscode   0 Apr 28 06:38 _aamtx
-rw-r--r-- 1 vscode vscode   0 Apr 28 06:38 _addfile
-rw-r--r-- 1 vscode vscode   0 Apr 28 06:38 _codonpos
-rw-r--r-- 1 vscode vscode   0 Apr 28 06:38 _codonscore
-rw-r--r-- 1 vscode vscode   0 Apr 28 06:38 _externalanchors
-rw-r--r-- 1 vscode vscode   0 Apr 28 06:38 _guidetree
-rw-r--r-- 1 vscode vscode   0 Apr 28 06:38 _lara.params
-rw-r--r-- 1 vscode vscode   0 Apr 28 06:38 _seedtablefile
-rw-r--r-- 1 vscode vscode   0 Apr 28 06:38 _subalignmentstable
-rw-r--r-- 1 vscode vscode 41K Apr 28 06:38 infile
-rw-r--r-- 1 vscode vscode   0 Apr 28 06:38 ownlist
-rw-r--r-- 1 vscode vscode   0 Apr 28 06:38 pdblist
-rw-r--r-- 1 vscode vscode  33 Apr 28 06:38 size



Debug at: /opt/conda/envs/qiime2-amplicon-2026.1/bin/mafft:1837 

total 48K
-rw-r--r-- 1 vscode vscode   0 Apr 28 06:38 _aamtx
-rw-r--r-- 1 vscode vscode   0 Apr 28 06:38 _addfile
-rw-r--r-- 1 vscode vscode   0 Apr 28 06:38 _codonpos
-rw-r--r-- 1 vscode vscode   0 Apr 28 06:38 _codonscore
-rw-r--r-- 1 vscode vscode   0 Apr 28 06:38 _externalanchors
-rw-r--r-- 1 vscode vscode   0 Apr 28 06:38 _guidetree
-rw-r--r-- 1 vscode vscode   0 Apr 28 06:38 _lara.params
-rw-r--r-- 1 vscode vscode   0 Apr 28 06:38 _seedtablefile
-rw-r--r-- 1 vscode vscode   0 Apr 28 06:38 _subalignmentstable
-rw-r--r-- 1 vscode vscode 41K Apr 28 06:38 infile
-rw-r--r-- 1 vscode vscode   0 Apr 28 06:38 ownlist
-rw-r--r-- 1 vscode vscode   0 Apr 28 06:38 pdblist
-rw-r--r-- 1 vscode vscode  33 Apr 28 06:38 size



Debug at: /opt/conda/envs/qiime2-amplicon-2026.1/bin/mafft:1840 

total 48K
-rw-r--r-- 1 vscode vscode   0 Apr 28 06:38 _aamtx
-rw-r--r-- 1 vscode vscode   0 Apr 28 06:38 _addfile
-rw-r--r-- 1 vscode vscode   0 Apr 28 06:38 _codonpos
-rw-r--r-- 1 vscode vscode   0 Apr 28 06:38 _codonscore
-rw-r--r-- 1 vscode vscode   0 Apr 28 06:38 _externalanchors
-rw-r--r-- 1 vscode vscode   0 Apr 28 06:38 _guidetree
-rw-r--r-- 1 vscode vscode   0 Apr 28 06:38 _lara.params
-rw-r--r-- 1 vscode vscode   0 Apr 28 06:38 _seedtablefile
-rw-r--r-- 1 vscode vscode   0 Apr 28 06:38 _subalignmentstable
-rw-r--r-- 1 vscode vscode 41K Apr 28 06:38 infile
-rw-r--r-- 1 vscode vscode   0 Apr 28 06:38 ownlist
-rw-r--r-- 1 vscode vscode   0 Apr 28 06:38 pdblist
-rw-r--r-- 1 vscode vscode  33 Apr 28 06:38 size



Debug at: /opt/conda/envs/qiime2-amplicon-2026.1/bin/mafft:1844 

total 48K
-rw-r--r-- 1 vscode vscode   0 Apr 28 06:38 _aamtx
-rw-r--r-- 1 vscode vscode   0 Apr 28 06:38 _addfile
-rw-r--r-- 1 vscode vscode   0 Apr 28 06:38 _codonpos
-rw-r--r-- 1 vscode vscode   0 Apr 28 06:38 _codonscore
-rw-r--r-- 1 vscode vscode   0 Apr 28 06:38 _externalanchors
-rw-r--r-- 1 vscode vscode   0 Apr 28 06:38 _guidetree
-rw-r--r-- 1 vscode vscode   0 Apr 28 06:38 _lara.params
-rw-r--r-- 1 vscode vscode   0 Apr 28 06:38 _seedtablefile
-rw-r--r-- 1 vscode vscode   0 Apr 28 06:38 _subalignmentstable
-rw-r--r-- 1 vscode vscode 41K Apr 28 06:38 infile
-rw-r--r-- 1 vscode vscode   0 Apr 28 06:38 ownlist
-rw-r--r-- 1 vscode vscode   0 Apr 28 06:38 pdblist
-rw-r--r-- 1 vscode vscode  33 Apr 28 06:38 size



Debug at: /opt/conda/envs/qiime2-amplicon-2026.1/bin/mafft:1849 

total 48K
-rw-r--r-- 1 vscode vscode   0 Apr 28 06:38 _aamtx
-rw-r--r-- 1 vscode vscode   0 Apr 28 06:38 _addfile
-rw-r--r-- 1 vscode vscode   0 Apr 28 06:38 _codonpos
-rw-r--r-- 1 vscode vscode   0 Apr 28 06:38 _codonscore
-rw-r--r-- 1 vscode vscode   0 Apr 28 06:38 _externalanchors
-rw-r--r-- 1 vscode vscode   0 Apr 28 06:38 _guidetree
-rw-r--r-- 1 vscode vscode   0 Apr 28 06:38 _lara.params
-rw-r--r-- 1 vscode vscode   0 Apr 28 06:38 _seedtablefile
-rw-r--r-- 1 vscode vscode   0 Apr 28 06:38 _subalignmentstable
-rw-r--r-- 1 vscode vscode 41K Apr 28 06:38 infile
-rw-r--r-- 1 vscode vscode   0 Apr 28 06:38 ownlist
-rw-r--r-- 1 vscode vscode   0 Apr 28 06:38 pdblist
-rw-r--r-- 1 vscode vscode  33 Apr 28 06:38 size



Debug at: /opt/conda/envs/qiime2-amplicon-2026.1/bin/mafft:1856 

total 48K
-rw-r--r-- 1 vscode vscode   0 Apr 28 06:38 _aamtx
-rw-r--r-- 1 vscode vscode   0 Apr 28 06:38 _addfile
-rw-r--r-- 1 vscode vscode   0 Apr 28 06:38 _codonpos
-rw-r--r-- 1 vscode vscode   0 Apr 28 06:38 _codonscore
-rw-r--r-- 1 vscode vscode   0 Apr 28 06:38 _externalanchors
-rw-r--r-- 1 vscode vscode   0 Apr 28 06:38 _guidetree
-rw-r--r-- 1 vscode vscode   0 Apr 28 06:38 _lara.params
-rw-r--r-- 1 vscode vscode   0 Apr 28 06:38 _seedtablefile
-rw-r--r-- 1 vscode vscode   0 Apr 28 06:38 _subalignmentstable
-rw-r--r-- 1 vscode vscode 41K Apr 28 06:38 infile
-rw-r--r-- 1 vscode vscode   0 Apr 28 06:38 ownlist
-rw-r--r-- 1 vscode vscode   0 Apr 28 06:38 pdblist
-rw-r--r-- 1 vscode vscode  33 Apr 28 06:38 size



Debug at: /opt/conda/envs/qiime2-amplicon-2026.1/bin/mafft:1866 

total 48K
-rw-r--r-- 1 vscode vscode   0 Apr 28 06:38 _aamtx
-rw-r--r-- 1 vscode vscode   0 Apr 28 06:38 _addfile
-rw-r--r-- 1 vscode vscode   0 Apr 28 06:38 _codonpos
-rw-r--r-- 1 vscode vscode   0 Apr 28 06:38 _codonscore
-rw-r--r-- 1 vscode vscode   0 Apr 28 06:38 _externalanchors
-rw-r--r-- 1 vscode vscode   0 Apr 28 06:38 _guidetree
-rw-r--r-- 1 vscode vscode   0 Apr 28 06:38 _lara.params
-rw-r--r-- 1 vscode vscode   0 Apr 28 06:38 _seedtablefile
-rw-r--r-- 1 vscode vscode   0 Apr 28 06:38 _subalignmentstable
-rw-r--r-- 1 vscode vscode 41K Apr 28 06:38 infile
-rw-r--r-- 1 vscode vscode   0 Apr 28 06:38 ownlist
-rw-r--r-- 1 vscode vscode   0 Apr 28 06:38 pdblist
-rw-r--r-- 1 vscode vscode  33 Apr 28 06:38 size



Debug at: /opt/conda/envs/qiime2-amplicon-2026.1/bin/mafft:1871 

total 48K
-rw-r--r-- 1 vscode vscode   0 Apr 28 06:38 _aamtx
-rw-r--r-- 1 vscode vscode   0 Apr 28 06:38 _addfile
-rw-r--r-- 1 vscode vscode   0 Apr 28 06:38 _codonpos
-rw-r--r-- 1 vscode vscode   0 Apr 28 06:38 _codonscore
-rw-r--r-- 1 vscode vscode   0 Apr 28 06:38 _externalanchors
-rw-r--r-- 1 vscode vscode   0 Apr 28 06:38 _guidetree
-rw-r--r-- 1 vscode vscode   0 Apr 28 06:38 _lara.params
-rw-r--r-- 1 vscode vscode   0 Apr 28 06:38 _seedtablefile
-rw-r--r-- 1 vscode vscode   0 Apr 28 06:38 _subalignmentstable
-rw-r--r-- 1 vscode vscode 41K Apr 28 06:38 infile
-rw-r--r-- 1 vscode vscode   0 Apr 28 06:38 ownlist
-rw-r--r-- 1 vscode vscode   0 Apr 28 06:38 pdblist
-rw-r--r-- 1 vscode vscode  33 Apr 28 06:38 size



Debug at: /opt/conda/envs/qiime2-amplicon-2026.1/bin/mafft:1904 

total 48K
-rw-r--r-- 1 vscode vscode   0 Apr 28 06:38 _aamtx
-rw-r--r-- 1 vscode vscode   0 Apr 28 06:38 _addfile
-rw-r--r-- 1 vscode vscode   0 Apr 28 06:38 _codonpos
-rw-r--r-- 1 vscode vscode   0 Apr 28 06:38 _codonscore
-rw-r--r-- 1 vscode vscode   0 Apr 28 06:38 _externalanchors
-rw-r--r-- 1 vscode vscode   0 Apr 28 06:38 _guidetree
-rw-r--r-- 1 vscode vscode   0 Apr 28 06:38 _lara.params
-rw-r--r-- 1 vscode vscode   0 Apr 28 06:38 _seedtablefile
-rw-r--r-- 1 vscode vscode   0 Apr 28 06:38 _subalignmentstable
-rw-r--r-- 1 vscode vscode 41K Apr 28 06:38 infile
-rw-r--r-- 1 vscode vscode   0 Apr 28 06:38 ownlist
-rw-r--r-- 1 vscode vscode   0 Apr 28 06:38 pdblist
-rw-r--r-- 1 vscode vscode  33 Apr 28 06:38 size



Debug at: /opt/conda/envs/qiime2-amplicon-2026.1/bin/mafft:1905 

total 48K
-rw-r--r-- 1 vscode vscode   0 Apr 28 06:38 _aamtx
-rw-r--r-- 1 vscode vscode   0 Apr 28 06:38 _addfile
-rw-r--r-- 1 vscode vscode   0 Apr 28 06:38 _codonpos
-rw-r--r-- 1 vscode vscode   0 Apr 28 06:38 _codonscore
-rw-r--r-- 1 vscode vscode   0 Apr 28 06:38 _externalanchors
-rw-r--r-- 1 vscode vscode   0 Apr 28 06:38 _guidetree
-rw-r--r-- 1 vscode vscode   0 Apr 28 06:38 _lara.params
-rw-r--r-- 1 vscode vscode   0 Apr 28 06:38 _seedtablefile
-rw-r--r-- 1 vscode vscode   0 Apr 28 06:38 _subalignmentstable
-rw-r--r-- 1 vscode vscode 41K Apr 28 06:38 infile
-rw-r--r-- 1 vscode vscode   0 Apr 28 06:38 ownlist
-rw-r--r-- 1 vscode vscode   0 Apr 28 06:38 pdblist
-rw-r--r-- 1 vscode vscode  33 Apr 28 06:38 size



Debug at: /opt/conda/envs/qiime2-amplicon-2026.1/bin/mafft:1906 

total 48K
-rw-r--r-- 1 vscode vscode   0 Apr 28 06:38 _aamtx
-rw-r--r-- 1 vscode vscode   0 Apr 28 06:38 _addfile
-rw-r--r-- 1 vscode vscode   0 Apr 28 06:38 _codonpos
-rw-r--r-- 1 vscode vscode   0 Apr 28 06:38 _codonscore
-rw-r--r-- 1 vscode vscode   0 Apr 28 06:38 _externalanchors
-rw-r--r-- 1 vscode vscode   0 Apr 28 06:38 _guidetree
-rw-r--r-- 1 vscode vscode   0 Apr 28 06:38 _lara.params
-rw-r--r-- 1 vscode vscode   0 Apr 28 06:38 _seedtablefile
-rw-r--r-- 1 vscode vscode   0 Apr 28 06:38 _subalignmentstable
-rw-r--r-- 1 vscode vscode 41K Apr 28 06:38 infile
-rw-r--r-- 1 vscode vscode   0 Apr 28 06:38 ownlist
-rw-r--r-- 1 vscode vscode   0 Apr 28 06:38 pdblist
-rw-r--r-- 1 vscode vscode  33 Apr 28 06:38 size



Debug at: /opt/conda/envs/qiime2-amplicon-2026.1/bin/mafft:1940 

total 48K
-rw-r--r-- 1 vscode vscode   0 Apr 28 06:38 _aamtx
-rw-r--r-- 1 vscode vscode   0 Apr 28 06:38 _addfile
-rw-r--r-- 1 vscode vscode   0 Apr 28 06:38 _codonpos
-rw-r--r-- 1 vscode vscode   0 Apr 28 06:38 _codonscore
-rw-r--r-- 1 vscode vscode   0 Apr 28 06:38 _externalanchors
-rw-r--r-- 1 vscode vscode   0 Apr 28 06:38 _guidetree
-rw-r--r-- 1 vscode vscode   0 Apr 28 06:38 _lara.params
-rw-r--r-- 1 vscode vscode   0 Apr 28 06:38 _seedtablefile
-rw-r--r-- 1 vscode vscode   0 Apr 28 06:38 _subalignmentstable
-rw-r--r-- 1 vscode vscode 41K Apr 28 06:38 infile
-rw-r--r-- 1 vscode vscode   0 Apr 28 06:38 ownlist
-rw-r--r-- 1 vscode vscode   0 Apr 28 06:38 pdblist
-rw-r--r-- 1 vscode vscode  33 Apr 28 06:38 size



Debug at: /opt/conda/envs/qiime2-amplicon-2026.1/bin/mafft:1954 

total 48K
-rw-r--r-- 1 vscode vscode   0 Apr 28 06:38 _aamtx
-rw-r--r-- 1 vscode vscode   0 Apr 28 06:38 _addfile
-rw-r--r-- 1 vscode vscode   0 Apr 28 06:38 _codonpos
-rw-r--r-- 1 vscode vscode   0 Apr 28 06:38 _codonscore
-rw-r--r-- 1 vscode vscode   0 Apr 28 06:38 _externalanchors
-rw-r--r-- 1 vscode vscode   0 Apr 28 06:38 _guidetree
-rw-r--r-- 1 vscode vscode   0 Apr 28 06:38 _lara.params
-rw-r--r-- 1 vscode vscode   0 Apr 28 06:38 _seedtablefile
-rw-r--r-- 1 vscode vscode   0 Apr 28 06:38 _subalignmentstable
-rw-r--r-- 1 vscode vscode 41K Apr 28 06:38 infile
-rw-r--r-- 1 vscode vscode   0 Apr 28 06:38 ownlist
-rw-r--r-- 1 vscode vscode   0 Apr 28 06:38 pdblist
-rw-r--r-- 1 vscode vscode  33 Apr 28 06:38 size



Debug at: /opt/conda/envs/qiime2-amplicon-2026.1/bin/mafft:1957 

total 48K
-rw-r--r-- 1 vscode vscode   0 Apr 28 06:38 _aamtx
-rw-r--r-- 1 vscode vscode   0 Apr 28 06:38 _addfile
-rw-r--r-- 1 vscode vscode   0 Apr 28 06:38 _codonpos
-rw-r--r-- 1 vscode vscode   0 Apr 28 06:38 _codonscore
-rw-r--r-- 1 vscode vscode   0 Apr 28 06:38 _externalanchors
-rw-r--r-- 1 vscode vscode   0 Apr 28 06:38 _guidetree
-rw-r--r-- 1 vscode vscode   0 Apr 28 06:38 _lara.params
-rw-r--r-- 1 vscode vscode   0 Apr 28 06:38 _seedtablefile
-rw-r--r-- 1 vscode vscode   0 Apr 28 06:38 _subalignmentstable
-rw-r--r-- 1 vscode vscode 41K Apr 28 06:38 infile
-rw-r--r-- 1 vscode vscode   0 Apr 28 06:38 ownlist
-rw-r--r-- 1 vscode vscode   0 Apr 28 06:38 pdblist
-rw-r--r-- 1 vscode vscode  33 Apr 28 06:38 size



Debug at: /opt/conda/envs/qiime2-amplicon-2026.1/bin/mafft:1958 

total 48K
-rw-r--r-- 1 vscode vscode   0 Apr 28 06:38 _aamtx
-rw-r--r-- 1 vscode vscode   0 Apr 28 06:38 _addfile
-rw-r--r-- 1 vscode vscode   0 Apr 28 06:38 _codonpos
-rw-r--r-- 1 vscode vscode   0 Apr 28 06:38 _codonscore
-rw-r--r-- 1 vscode vscode   0 Apr 28 06:38 _externalanchors
-rw-r--r-- 1 vscode vscode   0 Apr 28 06:38 _guidetree
-rw-r--r-- 1 vscode vscode   0 Apr 28 06:38 _lara.params
-rw-r--r-- 1 vscode vscode   0 Apr 28 06:38 _seedtablefile
-rw-r--r-- 1 vscode vscode   0 Apr 28 06:38 _subalignmentstable
-rw-r--r-- 1 vscode vscode 41K Apr 28 06:38 infile
-rw-r--r-- 1 vscode vscode   0 Apr 28 06:38 ownlist
-rw-r--r-- 1 vscode vscode   0 Apr 28 06:38 pdblist
-rw-r--r-- 1 vscode vscode  33 Apr 28 06:38 size



Debug at: /opt/conda/envs/qiime2-amplicon-2026.1/bin/mafft:1963 

total 48K
-rw-r--r-- 1 vscode vscode   0 Apr 28 06:38 _aamtx
-rw-r--r-- 1 vscode vscode   0 Apr 28 06:38 _addfile
-rw-r--r-- 1 vscode vscode   0 Apr 28 06:38 _codonpos
-rw-r--r-- 1 vscode vscode   0 Apr 28 06:38 _codonscore
-rw-r--r-- 1 vscode vscode   0 Apr 28 06:38 _externalanchors
-rw-r--r-- 1 vscode vscode   0 Apr 28 06:38 _guidetree
-rw-r--r-- 1 vscode vscode   0 Apr 28 06:38 _lara.params
-rw-r--r-- 1 vscode vscode   0 Apr 28 06:38 _seedtablefile
-rw-r--r-- 1 vscode vscode   0 Apr 28 06:38 _subalignmentstable
-rw-r--r-- 1 vscode vscode 41K Apr 28 06:38 infile
-rw-r--r-- 1 vscode vscode   0 Apr 28 06:38 ownlist
-rw-r--r-- 1 vscode vscode   0 Apr 28 06:38 pdblist
-rw-r--r-- 1 vscode vscode  33 Apr 28 06:38 size



Debug at: /opt/conda/envs/qiime2-amplicon-2026.1/bin/mafft:1967 

total 48K
-rw-r--r-- 1 vscode vscode   0 Apr 28 06:38 _aamtx
-rw-r--r-- 1 vscode vscode   0 Apr 28 06:38 _addfile
-rw-r--r-- 1 vscode vscode   0 Apr 28 06:38 _codonpos
-rw-r--r-- 1 vscode vscode   0 Apr 28 06:38 _codonscore
-rw-r--r-- 1 vscode vscode   0 Apr 28 06:38 _externalanchors
-rw-r--r-- 1 vscode vscode   0 Apr 28 06:38 _guidetree
-rw-r--r-- 1 vscode vscode   0 Apr 28 06:38 _lara.params
-rw-r--r-- 1 vscode vscode   0 Apr 28 06:38 _seedtablefile
-rw-r--r-- 1 vscode vscode   0 Apr 28 06:38 _subalignmentstable
-rw-r--r-- 1 vscode vscode 41K Apr 28 06:38 infile
-rw-r--r-- 1 vscode vscode   0 Apr 28 06:38 ownlist
-rw-r--r-- 1 vscode vscode   0 Apr 28 06:38 pdblist
-rw-r--r-- 1 vscode vscode  33 Apr 28 06:38 size



Debug at: /opt/conda/envs/qiime2-amplicon-2026.1/bin/mafft:1981 

total 48K
-rw-r--r-- 1 vscode vscode   0 Apr 28 06:38 _aamtx
-rw-r--r-- 1 vscode vscode   0 Apr 28 06:38 _addfile
-rw-r--r-- 1 vscode vscode   0 Apr 28 06:38 _codonpos
-rw-r--r-- 1 vscode vscode   0 Apr 28 06:38 _codonscore
-rw-r--r-- 1 vscode vscode   0 Apr 28 06:38 _externalanchors
-rw-r--r-- 1 vscode vscode   0 Apr 28 06:38 _guidetree
-rw-r--r-- 1 vscode vscode   0 Apr 28 06:38 _lara.params
-rw-r--r-- 1 vscode vscode   0 Apr 28 06:38 _seedtablefile
-rw-r--r-- 1 vscode vscode   0 Apr 28 06:38 _subalignmentstable
-rw-r--r-- 1 vscode vscode 41K Apr 28 06:38 infile
-rw-r--r-- 1 vscode vscode   0 Apr 28 06:38 ownlist
-rw-r--r-- 1 vscode vscode   0 Apr 28 06:38 pdblist
-rw-r--r-- 1 vscode vscode  33 Apr 28 06:38 size



Debug at: /opt/conda/envs/qiime2-amplicon-2026.1/bin/mafft:1982 

total 48K
-rw-r--r-- 1 vscode vscode   0 Apr 28 06:38 _aamtx
-rw-r--r-- 1 vscode vscode   0 Apr 28 06:38 _addfile
-rw-r--r-- 1 vscode vscode   0 Apr 28 06:38 _codonpos
-rw-r--r-- 1 vscode vscode   0 Apr 28 06:38 _codonscore
-rw-r--r-- 1 vscode vscode   0 Apr 28 06:38 _externalanchors
-rw-r--r-- 1 vscode vscode   0 Apr 28 06:38 _guidetree
-rw-r--r-- 1 vscode vscode   0 Apr 28 06:38 _lara.params
-rw-r--r-- 1 vscode vscode   0 Apr 28 06:38 _seedtablefile
-rw-r--r-- 1 vscode vscode   0 Apr 28 06:38 _subalignmentstable
-rw-r--r-- 1 vscode vscode 41K Apr 28 06:38 infile
-rw-r--r-- 1 vscode vscode   0 Apr 28 06:38 ownlist
-rw-r--r-- 1 vscode vscode   0 Apr 28 06:38 pdblist
-rw-r--r-- 1 vscode vscode  33 Apr 28 06:38 size



Debug at: /opt/conda/envs/qiime2-amplicon-2026.1/bin/mafft:2042 

total 48K
-rw-r--r-- 1 vscode vscode   0 Apr 28 06:38 _aamtx
-rw-r--r-- 1 vscode vscode   0 Apr 28 06:38 _addfile
-rw-r--r-- 1 vscode vscode   0 Apr 28 06:38 _codonpos
-rw-r--r-- 1 vscode vscode   0 Apr 28 06:38 _codonscore
-rw-r--r-- 1 vscode vscode   0 Apr 28 06:38 _externalanchors
-rw-r--r-- 1 vscode vscode   0 Apr 28 06:38 _guidetree
-rw-r--r-- 1 vscode vscode   0 Apr 28 06:38 _lara.params
-rw-r--r-- 1 vscode vscode   0 Apr 28 06:38 _seedtablefile
-rw-r--r-- 1 vscode vscode   0 Apr 28 06:38 _subalignmentstable
-rw-r--r-- 1 vscode vscode 41K Apr 28 06:38 infile
-rw-r--r-- 1 vscode vscode   0 Apr 28 06:38 ownlist
-rw-r--r-- 1 vscode vscode   0 Apr 28 06:38 pdblist
-rw-r--r-- 1 vscode vscode  33 Apr 28 06:38 size



Debug at: /opt/conda/envs/qiime2-amplicon-2026.1/bin/mafft:2095 

total 48K
-rw-r--r-- 1 vscode vscode   0 Apr 28 06:38 _aamtx
-rw-r--r-- 1 vscode vscode   0 Apr 28 06:38 _addfile
-rw-r--r-- 1 vscode vscode   0 Apr 28 06:38 _codonpos
-rw-r--r-- 1 vscode vscode   0 Apr 28 06:38 _codonscore
-rw-r--r-- 1 vscode vscode   0 Apr 28 06:38 _externalanchors
-rw-r--r-- 1 vscode vscode   0 Apr 28 06:38 _guidetree
-rw-r--r-- 1 vscode vscode   0 Apr 28 06:38 _lara.params
-rw-r--r-- 1 vscode vscode   0 Apr 28 06:38 _seedtablefile
-rw-r--r-- 1 vscode vscode   0 Apr 28 06:38 _subalignmentstable
-rw-r--r-- 1 vscode vscode 41K Apr 28 06:38 infile
-rw-r--r-- 1 vscode vscode   0 Apr 28 06:38 ownlist
-rw-r--r-- 1 vscode vscode   0 Apr 28 06:38 pdblist
-rw-r--r-- 1 vscode vscode  33 Apr 28 06:38 size



Debug at: /opt/conda/envs/qiime2-amplicon-2026.1/bin/mafft:2104 

total 48K
-rw-r--r-- 1 vscode vscode   0 Apr 28 06:38 _aamtx
-rw-r--r-- 1 vscode vscode   0 Apr 28 06:38 _addfile
-rw-r--r-- 1 vscode vscode   0 Apr 28 06:38 _codonpos
-rw-r--r-- 1 vscode vscode   0 Apr 28 06:38 _codonscore
-rw-r--r-- 1 vscode vscode   0 Apr 28 06:38 _externalanchors
-rw-r--r-- 1 vscode vscode   0 Apr 28 06:38 _guidetree
-rw-r--r-- 1 vscode vscode   0 Apr 28 06:38 _lara.params
-rw-r--r-- 1 vscode vscode   0 Apr 28 06:38 _seedtablefile
-rw-r--r-- 1 vscode vscode   0 Apr 28 06:38 _subalignmentstable
-rw-r--r-- 1 vscode vscode 41K Apr 28 06:38 infile
-rw-r--r-- 1 vscode vscode   0 Apr 28 06:38 ownlist
-rw-r--r-- 1 vscode vscode   0 Apr 28 06:38 pdblist
-rw-r--r-- 1 vscode vscode  33 Apr 28 06:38 size



Debug at: /opt/conda/envs/qiime2-amplicon-2026.1/bin/mafft:2120 

total 48K
-rw-r--r-- 1 vscode vscode   0 Apr 28 06:38 _aamtx
-rw-r--r-- 1 vscode vscode   0 Apr 28 06:38 _addfile
-rw-r--r-- 1 vscode vscode   0 Apr 28 06:38 _codonpos
-rw-r--r-- 1 vscode vscode   0 Apr 28 06:38 _codonscore
-rw-r--r-- 1 vscode vscode   0 Apr 28 06:38 _externalanchors
-rw-r--r-- 1 vscode vscode   0 Apr 28 06:38 _guidetree
-rw-r--r-- 1 vscode vscode   0 Apr 28 06:38 _lara.params
-rw-r--r-- 1 vscode vscode   0 Apr 28 06:38 _seedtablefile
-rw-r--r-- 1 vscode vscode   0 Apr 28 06:38 _subalignmentstable
-rw-r--r-- 1 vscode vscode 41K Apr 28 06:38 infile
-rw-r--r-- 1 vscode vscode   0 Apr 28 06:38 ownlist
-rw-r--r-- 1 vscode vscode   0 Apr 28 06:38 pdblist
-rw-r--r-- 1 vscode vscode  33 Apr 28 06:38 size



Debug at: /opt/conda/envs/qiime2-amplicon-2026.1/bin/mafft:2123 

total 48K
-rw-r--r-- 1 vscode vscode   0 Apr 28 06:38 _aamtx
-rw-r--r-- 1 vscode vscode   0 Apr 28 06:38 _addfile
-rw-r--r-- 1 vscode vscode   0 Apr 28 06:38 _codonpos
-rw-r--r-- 1 vscode vscode   0 Apr 28 06:38 _codonscore
-rw-r--r-- 1 vscode vscode   0 Apr 28 06:38 _externalanchors
-rw-r--r-- 1 vscode vscode   0 Apr 28 06:38 _guidetree
-rw-r--r-- 1 vscode vscode   0 Apr 28 06:38 _lara.params
-rw-r--r-- 1 vscode vscode   0 Apr 28 06:38 _seedtablefile
-rw-r--r-- 1 vscode vscode   0 Apr 28 06:38 _subalignmentstable
-rw-r--r-- 1 vscode vscode 41K Apr 28 06:38 infile
-rw-r--r-- 1 vscode vscode   0 Apr 28 06:38 ownlist
-rw-r--r-- 1 vscode vscode   0 Apr 28 06:38 pdblist
-rw-r--r-- 1 vscode vscode  33 Apr 28 06:38 size



Debug at: /opt/conda/envs/qiime2-amplicon-2026.1/bin/mafft:2124 

total 48K
-rw-r--r-- 1 vscode vscode   0 Apr 28 06:38 _aamtx
-rw-r--r-- 1 vscode vscode   0 Apr 28 06:38 _addfile
-rw-r--r-- 1 vscode vscode   0 Apr 28 06:38 _codonpos
-rw-r--r-- 1 vscode vscode   0 Apr 28 06:38 _codonscore
-rw-r--r-- 1 vscode vscode   0 Apr 28 06:38 _externalanchors
-rw-r--r-- 1 vscode vscode   0 Apr 28 06:38 _guidetree
-rw-r--r-- 1 vscode vscode   0 Apr 28 06:38 _lara.params
-rw-r--r-- 1 vscode vscode   0 Apr 28 06:38 _seedtablefile
-rw-r--r-- 1 vscode vscode   0 Apr 28 06:38 _subalignmentstable
-rw-r--r-- 1 vscode vscode 41K Apr 28 06:38 infile
-rw-r--r-- 1 vscode vscode   0 Apr 28 06:38 ownlist
-rw-r--r-- 1 vscode vscode   0 Apr 28 06:38 pdblist
-rw-r--r-- 1 vscode vscode  33 Apr 28 06:38 size



Debug at: /opt/conda/envs/qiime2-amplicon-2026.1/bin/mafft:2125 

total 48K
-rw-r--r-- 1 vscode vscode   0 Apr 28 06:38 _aamtx
-rw-r--r-- 1 vscode vscode   0 Apr 28 06:38 _addfile
-rw-r--r-- 1 vscode vscode   0 Apr 28 06:38 _codonpos
-rw-r--r-- 1 vscode vscode   0 Apr 28 06:38 _codonscore
-rw-r--r-- 1 vscode vscode   0 Apr 28 06:38 _externalanchors
-rw-r--r-- 1 vscode vscode   0 Apr 28 06:38 _guidetree
-rw-r--r-- 1 vscode vscode   0 Apr 28 06:38 _lara.params
-rw-r--r-- 1 vscode vscode   0 Apr 28 06:38 _seedtablefile
-rw-r--r-- 1 vscode vscode   0 Apr 28 06:38 _subalignmentstable
-rw-r--r-- 1 vscode vscode 41K Apr 28 06:38 infile
-rw-r--r-- 1 vscode vscode   0 Apr 28 06:38 ownlist
-rw-r--r-- 1 vscode vscode   0 Apr 28 06:38 pdblist
-rw-r--r-- 1 vscode vscode  33 Apr 28 06:38 size



Debug at: /opt/conda/envs/qiime2-amplicon-2026.1/bin/mafft:2144 

total 48K
-rw-r--r-- 1 vscode vscode   0 Apr 28 06:38 _aamtx
-rw-r--r-- 1 vscode vscode   0 Apr 28 06:38 _addfile
-rw-r--r-- 1 vscode vscode   0 Apr 28 06:38 _codonpos
-rw-r--r-- 1 vscode vscode   0 Apr 28 06:38 _codonscore
-rw-r--r-- 1 vscode vscode   0 Apr 28 06:38 _externalanchors
-rw-r--r-- 1 vscode vscode   0 Apr 28 06:38 _guidetree
-rw-r--r-- 1 vscode vscode   0 Apr 28 06:38 _lara.params
-rw-r--r-- 1 vscode vscode   0 Apr 28 06:38 _seedtablefile
-rw-r--r-- 1 vscode vscode   0 Apr 28 06:38 _subalignmentstable
-rw-r--r-- 1 vscode vscode 41K Apr 28 06:38 infile
-rw-r--r-- 1 vscode vscode   0 Apr 28 06:38 ownlist
-rw-r--r-- 1 vscode vscode   0 Apr 28 06:38 pdblist
-rw-r--r-- 1 vscode vscode  33 Apr 28 06:38 size



Debug at: /opt/conda/envs/qiime2-amplicon-2026.1/bin/mafft:2152 

total 48K
-rw-r--r-- 1 vscode vscode   0 Apr 28 06:38 _aamtx
-rw-r--r-- 1 vscode vscode   0 Apr 28 06:38 _addfile
-rw-r--r-- 1 vscode vscode   0 Apr 28 06:38 _codonpos
-rw-r--r-- 1 vscode vscode   0 Apr 28 06:38 _codonscore
-rw-r--r-- 1 vscode vscode   0 Apr 28 06:38 _externalanchors
-rw-r--r-- 1 vscode vscode   0 Apr 28 06:38 _guidetree
-rw-r--r-- 1 vscode vscode   0 Apr 28 06:38 _lara.params
-rw-r--r-- 1 vscode vscode   0 Apr 28 06:38 _seedtablefile
-rw-r--r-- 1 vscode vscode   0 Apr 28 06:38 _subalignmentstable
-rw-r--r-- 1 vscode vscode 41K Apr 28 06:38 infile
-rw-r--r-- 1 vscode vscode   0 Apr 28 06:38 ownlist
-rw-r--r-- 1 vscode vscode   0 Apr 28 06:38 pdblist
-rw-r--r-- 1 vscode vscode  33 Apr 28 06:38 size



Debug at: /opt/conda/envs/qiime2-amplicon-2026.1/bin/mafft:2169 

total 48K
-rw-r--r-- 1 vscode vscode   0 Apr 28 06:38 _aamtx
-rw-r--r-- 1 vscode vscode   0 Apr 28 06:38 _addfile
-rw-r--r-- 1 vscode vscode   0 Apr 28 06:38 _codonpos
-rw-r--r-- 1 vscode vscode   0 Apr 28 06:38 _codonscore
-rw-r--r-- 1 vscode vscode   0 Apr 28 06:38 _externalanchors
-rw-r--r-- 1 vscode vscode   0 Apr 28 06:38 _guidetree
-rw-r--r-- 1 vscode vscode   0 Apr 28 06:38 _lara.params
-rw-r--r-- 1 vscode vscode   0 Apr 28 06:38 _seedtablefile
-rw-r--r-- 1 vscode vscode   0 Apr 28 06:38 _subalignmentstable
-rw-r--r-- 1 vscode vscode 41K Apr 28 06:38 infile
-rw-r--r-- 1 vscode vscode   0 Apr 28 06:38 ownlist
-rw-r--r-- 1 vscode vscode   0 Apr 28 06:38 pdblist
-rw-r--r-- 1 vscode vscode  33 Apr 28 06:38 size



Debug at: /opt/conda/envs/qiime2-amplicon-2026.1/bin/mafft:2171 

total 48K
-rw-r--r-- 1 vscode vscode   0 Apr 28 06:38 _aamtx
-rw-r--r-- 1 vscode vscode   0 Apr 28 06:38 _addfile
-rw-r--r-- 1 vscode vscode   0 Apr 28 06:38 _codonpos
-rw-r--r-- 1 vscode vscode   0 Apr 28 06:38 _codonscore
-rw-r--r-- 1 vscode vscode   0 Apr 28 06:38 _externalanchors
-rw-r--r-- 1 vscode vscode   0 Apr 28 06:38 _guidetree
-rw-r--r-- 1 vscode vscode   0 Apr 28 06:38 _lara.params
-rw-r--r-- 1 vscode vscode   0 Apr 28 06:38 _seedtablefile
-rw-r--r-- 1 vscode vscode   0 Apr 28 06:38 _subalignmentstable
-rw-r--r-- 1 vscode vscode 41K Apr 28 06:38 infile
-rw-r--r-- 1 vscode vscode   0 Apr 28 06:38 ownlist
-rw-r--r-- 1 vscode vscode   0 Apr 28 06:38 pdblist
-rw-r--r-- 1 vscode vscode  33 Apr 28 06:38 size



Debug at: /opt/conda/envs/qiime2-amplicon-2026.1/bin/mafft:2173 

total 48K
-rw-r--r-- 1 vscode vscode   0 Apr 28 06:38 _aamtx
-rw-r--r-- 1 vscode vscode   0 Apr 28 06:38 _addfile
-rw-r--r-- 1 vscode vscode   0 Apr 28 06:38 _codonpos
-rw-r--r-- 1 vscode vscode   0 Apr 28 06:38 _codonscore
-rw-r--r-- 1 vscode vscode   0 Apr 28 06:38 _externalanchors
-rw-r--r-- 1 vscode vscode   0 Apr 28 06:38 _guidetree
-rw-r--r-- 1 vscode vscode   0 Apr 28 06:38 _lara.params
-rw-r--r-- 1 vscode vscode   0 Apr 28 06:38 _seedtablefile
-rw-r--r-- 1 vscode vscode   0 Apr 28 06:38 _subalignmentstable
-rw-r--r-- 1 vscode vscode 41K Apr 28 06:38 infile
-rw-r--r-- 1 vscode vscode   0 Apr 28 06:38 ownlist
-rw-r--r-- 1 vscode vscode   0 Apr 28 06:38 pdblist
-rw-r--r-- 1 vscode vscode  33 Apr 28 06:38 size



Debug at: /opt/conda/envs/qiime2-amplicon-2026.1/bin/mafft:2179 

total 48K
-rw-r--r-- 1 vscode vscode   0 Apr 28 06:38 _aamtx
-rw-r--r-- 1 vscode vscode   0 Apr 28 06:38 _addfile
-rw-r--r-- 1 vscode vscode   0 Apr 28 06:38 _codonpos
-rw-r--r-- 1 vscode vscode   0 Apr 28 06:38 _codonscore
-rw-r--r-- 1 vscode vscode   0 Apr 28 06:38 _externalanchors
-rw-r--r-- 1 vscode vscode   0 Apr 28 06:38 _guidetree
-rw-r--r-- 1 vscode vscode   0 Apr 28 06:38 _lara.params
-rw-r--r-- 1 vscode vscode   0 Apr 28 06:38 _seedtablefile
-rw-r--r-- 1 vscode vscode   0 Apr 28 06:38 _subalignmentstable
-rw-r--r-- 1 vscode vscode 41K Apr 28 06:38 infile
-rw-r--r-- 1 vscode vscode   0 Apr 28 06:38 ownlist
-rw-r--r-- 1 vscode vscode   0 Apr 28 06:38 pdblist
-rw-r--r-- 1 vscode vscode  33 Apr 28 06:38 size



Debug at: /opt/conda/envs/qiime2-amplicon-2026.1/bin/mafft:2181 

total 48K
-rw-r--r-- 1 vscode vscode   0 Apr 28 06:38 _aamtx
-rw-r--r-- 1 vscode vscode   0 Apr 28 06:38 _addfile
-rw-r--r-- 1 vscode vscode   0 Apr 28 06:38 _codonpos
-rw-r--r-- 1 vscode vscode   0 Apr 28 06:38 _codonscore
-rw-r--r-- 1 vscode vscode   0 Apr 28 06:38 _externalanchors
-rw-r--r-- 1 vscode vscode   0 Apr 28 06:38 _guidetree
-rw-r--r-- 1 vscode vscode   0 Apr 28 06:38 _lara.params
-rw-r--r-- 1 vscode vscode   0 Apr 28 06:38 _seedtablefile
-rw-r--r-- 1 vscode vscode   0 Apr 28 06:38 _subalignmentstable
-rw-r--r-- 1 vscode vscode 41K Apr 28 06:38 infile
-rw-r--r-- 1 vscode vscode   0 Apr 28 06:38 ownlist
-rw-r--r-- 1 vscode vscode   0 Apr 28 06:38 pdblist
-rw-r--r-- 1 vscode vscode  33 Apr 28 06:38 size



Debug at: /opt/conda/envs/qiime2-amplicon-2026.1/bin/mafft:2183 

total 48K
-rw-r--r-- 1 vscode vscode   0 Apr 28 06:38 _aamtx
-rw-r--r-- 1 vscode vscode   0 Apr 28 06:38 _addfile
-rw-r--r-- 1 vscode vscode   0 Apr 28 06:38 _codonpos
-rw-r--r-- 1 vscode vscode   0 Apr 28 06:38 _codonscore
-rw-r--r-- 1 vscode vscode   0 Apr 28 06:38 _externalanchors
-rw-r--r-- 1 vscode vscode   0 Apr 28 06:38 _guidetree
-rw-r--r-- 1 vscode vscode   0 Apr 28 06:38 _lara.params
-rw-r--r-- 1 vscode vscode   0 Apr 28 06:38 _seedtablefile
-rw-r--r-- 1 vscode vscode   0 Apr 28 06:38 _subalignmentstable
-rw-r--r-- 1 vscode vscode 41K Apr 28 06:38 infile
-rw-r--r-- 1 vscode vscode   0 Apr 28 06:38 ownlist
-rw-r--r-- 1 vscode vscode   0 Apr 28 06:38 pdblist
-rw-r--r-- 1 vscode vscode  33 Apr 28 06:38 size



Debug at: /opt/conda/envs/qiime2-amplicon-2026.1/bin/mafft:2185 

total 48K
-rw-r--r-- 1 vscode vscode   0 Apr 28 06:38 _aamtx
-rw-r--r-- 1 vscode vscode   0 Apr 28 06:38 _addfile
-rw-r--r-- 1 vscode vscode   0 Apr 28 06:38 _codonpos
-rw-r--r-- 1 vscode vscode   0 Apr 28 06:38 _codonscore
-rw-r--r-- 1 vscode vscode   0 Apr 28 06:38 _externalanchors
-rw-r--r-- 1 vscode vscode   0 Apr 28 06:38 _guidetree
-rw-r--r-- 1 vscode vscode   0 Apr 28 06:38 _lara.params
-rw-r--r-- 1 vscode vscode   0 Apr 28 06:38 _seedtablefile
-rw-r--r-- 1 vscode vscode   0 Apr 28 06:38 _subalignmentstable
-rw-r--r-- 1 vscode vscode 41K Apr 28 06:38 infile
-rw-r--r-- 1 vscode vscode   0 Apr 28 06:38 ownlist
-rw-r--r-- 1 vscode vscode   0 Apr 28 06:38 pdblist
-rw-r--r-- 1 vscode vscode  33 Apr 28 06:38 size



Debug at: /opt/conda/envs/qiime2-amplicon-2026.1/bin/mafft:2187 

total 48K
-rw-r--r-- 1 vscode vscode   0 Apr 28 06:38 _aamtx
-rw-r--r-- 1 vscode vscode   0 Apr 28 06:38 _addfile
-rw-r--r-- 1 vscode vscode   0 Apr 28 06:38 _codonpos
-rw-r--r-- 1 vscode vscode   0 Apr 28 06:38 _codonscore
-rw-r--r-- 1 vscode vscode   0 Apr 28 06:38 _externalanchors
-rw-r--r-- 1 vscode vscode   0 Apr 28 06:38 _guidetree
-rw-r--r-- 1 vscode vscode   0 Apr 28 06:38 _lara.params
-rw-r--r-- 1 vscode vscode   0 Apr 28 06:38 _seedtablefile
-rw-r--r-- 1 vscode vscode   0 Apr 28 06:38 _subalignmentstable
-rw-r--r-- 1 vscode vscode 41K Apr 28 06:38 infile
-rw-r--r-- 1 vscode vscode   0 Apr 28 06:38 ownlist
-rw-r--r-- 1 vscode vscode   0 Apr 28 06:38 pdblist
-rw-r--r-- 1 vscode vscode  33 Apr 28 06:38 size



Debug at: /opt/conda/envs/qiime2-amplicon-2026.1/bin/mafft:2189 

total 48K
-rw-r--r-- 1 vscode vscode   0 Apr 28 06:38 _aamtx
-rw-r--r-- 1 vscode vscode   0 Apr 28 06:38 _addfile
-rw-r--r-- 1 vscode vscode   0 Apr 28 06:38 _codonpos
-rw-r--r-- 1 vscode vscode   0 Apr 28 06:38 _codonscore
-rw-r--r-- 1 vscode vscode   0 Apr 28 06:38 _externalanchors
-rw-r--r-- 1 vscode vscode   0 Apr 28 06:38 _guidetree
-rw-r--r-- 1 vscode vscode   0 Apr 28 06:38 _lara.params
-rw-r--r-- 1 vscode vscode   0 Apr 28 06:38 _seedtablefile
-rw-r--r-- 1 vscode vscode   0 Apr 28 06:38 _subalignmentstable
-rw-r--r-- 1 vscode vscode 41K Apr 28 06:38 infile
-rw-r--r-- 1 vscode vscode   0 Apr 28 06:38 ownlist
-rw-r--r-- 1 vscode vscode   0 Apr 28 06:38 pdblist
-rw-r--r-- 1 vscode vscode  33 Apr 28 06:38 size



Debug at: /opt/conda/envs/qiime2-amplicon-2026.1/bin/mafft:2191 

total 48K
-rw-r--r-- 1 vscode vscode   0 Apr 28 06:38 _aamtx
-rw-r--r-- 1 vscode vscode   0 Apr 28 06:38 _addfile
-rw-r--r-- 1 vscode vscode   0 Apr 28 06:38 _codonpos
-rw-r--r-- 1 vscode vscode   0 Apr 28 06:38 _codonscore
-rw-r--r-- 1 vscode vscode   0 Apr 28 06:38 _externalanchors
-rw-r--r-- 1 vscode vscode   0 Apr 28 06:38 _guidetree
-rw-r--r-- 1 vscode vscode   0 Apr 28 06:38 _lara.params
-rw-r--r-- 1 vscode vscode   0 Apr 28 06:38 _seedtablefile
-rw-r--r-- 1 vscode vscode   0 Apr 28 06:38 _subalignmentstable
-rw-r--r-- 1 vscode vscode 41K Apr 28 06:38 infile
-rw-r--r-- 1 vscode vscode   0 Apr 28 06:38 ownlist
-rw-r--r-- 1 vscode vscode   0 Apr 28 06:38 pdblist
-rw-r--r-- 1 vscode vscode  33 Apr 28 06:38 size



Debug at: /opt/conda/envs/qiime2-amplicon-2026.1/bin/mafft:2193 

total 48K
-rw-r--r-- 1 vscode vscode   0 Apr 28 06:38 _aamtx
-rw-r--r-- 1 vscode vscode   0 Apr 28 06:38 _addfile
-rw-r--r-- 1 vscode vscode   0 Apr 28 06:38 _codonpos
-rw-r--r-- 1 vscode vscode   0 Apr 28 06:38 _codonscore
-rw-r--r-- 1 vscode vscode   0 Apr 28 06:38 _externalanchors
-rw-r--r-- 1 vscode vscode   0 Apr 28 06:38 _guidetree
-rw-r--r-- 1 vscode vscode   0 Apr 28 06:38 _lara.params
-rw-r--r-- 1 vscode vscode   0 Apr 28 06:38 _seedtablefile
-rw-r--r-- 1 vscode vscode   0 Apr 28 06:38 _subalignmentstable
-rw-r--r-- 1 vscode vscode 41K Apr 28 06:38 infile
-rw-r--r-- 1 vscode vscode   0 Apr 28 06:38 ownlist
-rw-r--r-- 1 vscode vscode   0 Apr 28 06:38 pdblist
-rw-r--r-- 1 vscode vscode  33 Apr 28 06:38 size



Debug at: /opt/conda/envs/qiime2-amplicon-2026.1/bin/mafft:2195 

total 48K
-rw-r--r-- 1 vscode vscode   0 Apr 28 06:38 _aamtx
-rw-r--r-- 1 vscode vscode   0 Apr 28 06:38 _addfile
-rw-r--r-- 1 vscode vscode   0 Apr 28 06:38 _codonpos
-rw-r--r-- 1 vscode vscode   0 Apr 28 06:38 _codonscore
-rw-r--r-- 1 vscode vscode   0 Apr 28 06:38 _externalanchors
-rw-r--r-- 1 vscode vscode   0 Apr 28 06:38 _guidetree
-rw-r--r-- 1 vscode vscode   0 Apr 28 06:38 _lara.params
-rw-r--r-- 1 vscode vscode   0 Apr 28 06:38 _seedtablefile
-rw-r--r-- 1 vscode vscode   0 Apr 28 06:38 _subalignmentstable
-rw-r--r-- 1 vscode vscode 41K Apr 28 06:38 infile
-rw-r--r-- 1 vscode vscode   0 Apr 28 06:38 ownlist
-rw-r--r-- 1 vscode vscode   0 Apr 28 06:38 pdblist
-rw-r--r-- 1 vscode vscode  33 Apr 28 06:38 size



Debug at: /opt/conda/envs/qiime2-amplicon-2026.1/bin/mafft:2197 

total 48K
-rw-r--r-- 1 vscode vscode   0 Apr 28 06:38 _aamtx
-rw-r--r-- 1 vscode vscode   0 Apr 28 06:38 _addfile
-rw-r--r-- 1 vscode vscode   0 Apr 28 06:38 _codonpos
-rw-r--r-- 1 vscode vscode   0 Apr 28 06:38 _codonscore
-rw-r--r-- 1 vscode vscode   0 Apr 28 06:38 _externalanchors
-rw-r--r-- 1 vscode vscode   0 Apr 28 06:38 _guidetree
-rw-r--r-- 1 vscode vscode   0 Apr 28 06:38 _lara.params
-rw-r--r-- 1 vscode vscode   0 Apr 28 06:38 _seedtablefile
-rw-r--r-- 1 vscode vscode   0 Apr 28 06:38 _subalignmentstable
-rw-r--r-- 1 vscode vscode 41K Apr 28 06:38 infile
-rw-r--r-- 1 vscode vscode   0 Apr 28 06:38 ownlist
-rw-r--r-- 1 vscode vscode   0 Apr 28 06:38 pdblist
-rw-r--r-- 1 vscode vscode  33 Apr 28 06:38 size



Debug at: /opt/conda/envs/qiime2-amplicon-2026.1/bin/mafft:2199 

total 48K
-rw-r--r-- 1 vscode vscode   0 Apr 28 06:38 _aamtx
-rw-r--r-- 1 vscode vscode   0 Apr 28 06:38 _addfile
-rw-r--r-- 1 vscode vscode   0 Apr 28 06:38 _codonpos
-rw-r--r-- 1 vscode vscode   0 Apr 28 06:38 _codonscore
-rw-r--r-- 1 vscode vscode   0 Apr 28 06:38 _externalanchors
-rw-r--r-- 1 vscode vscode   0 Apr 28 06:38 _guidetree
-rw-r--r-- 1 vscode vscode   0 Apr 28 06:38 _lara.params
-rw-r--r-- 1 vscode vscode   0 Apr 28 06:38 _seedtablefile
-rw-r--r-- 1 vscode vscode   0 Apr 28 06:38 _subalignmentstable
-rw-r--r-- 1 vscode vscode 41K Apr 28 06:38 infile
-rw-r--r-- 1 vscode vscode   0 Apr 28 06:38 ownlist
-rw-r--r-- 1 vscode vscode   0 Apr 28 06:38 pdblist
-rw-r--r-- 1 vscode vscode  33 Apr 28 06:38 size



Debug at: /opt/conda/envs/qiime2-amplicon-2026.1/bin/mafft:2201 

total 48K
-rw-r--r-- 1 vscode vscode   0 Apr 28 06:38 _aamtx
-rw-r--r-- 1 vscode vscode   0 Apr 28 06:38 _addfile
-rw-r--r-- 1 vscode vscode   0 Apr 28 06:38 _codonpos
-rw-r--r-- 1 vscode vscode   0 Apr 28 06:38 _codonscore
-rw-r--r-- 1 vscode vscode   0 Apr 28 06:38 _externalanchors
-rw-r--r-- 1 vscode vscode   0 Apr 28 06:38 _guidetree
-rw-r--r-- 1 vscode vscode   0 Apr 28 06:38 _lara.params
-rw-r--r-- 1 vscode vscode   0 Apr 28 06:38 _seedtablefile
-rw-r--r-- 1 vscode vscode   0 Apr 28 06:38 _subalignmentstable
-rw-r--r-- 1 vscode vscode 41K Apr 28 06:38 infile
-rw-r--r-- 1 vscode vscode   0 Apr 28 06:38 ownlist
-rw-r--r-- 1 vscode vscode   0 Apr 28 06:38 pdblist
-rw-r--r-- 1 vscode vscode  33 Apr 28 06:38 size



Debug at: /opt/conda/envs/qiime2-amplicon-2026.1/bin/mafft:2202 

total 48K
-rw-r--r-- 1 vscode vscode   0 Apr 28 06:38 _aamtx
-rw-r--r-- 1 vscode vscode   0 Apr 28 06:38 _addfile
-rw-r--r-- 1 vscode vscode   0 Apr 28 06:38 _codonpos
-rw-r--r-- 1 vscode vscode   0 Apr 28 06:38 _codonscore
-rw-r--r-- 1 vscode vscode   0 Apr 28 06:38 _externalanchors
-rw-r--r-- 1 vscode vscode   0 Apr 28 06:38 _guidetree
-rw-r--r-- 1 vscode vscode   0 Apr 28 06:38 _lara.params
-rw-r--r-- 1 vscode vscode   0 Apr 28 06:38 _seedtablefile
-rw-r--r-- 1 vscode vscode   0 Apr 28 06:38 _subalignmentstable
-rw-r--r-- 1 vscode vscode 41K Apr 28 06:38 infile
-rw-r--r-- 1 vscode vscode   0 Apr 28 06:38 ownlist
-rw-r--r-- 1 vscode vscode   0 Apr 28 06:38 pdblist
-rw-r--r-- 1 vscode vscode  33 Apr 28 06:38 size



Debug at: /opt/conda/envs/qiime2-amplicon-2026.1/bin/mafft:2206 

total 48K
-rw-r--r-- 1 vscode vscode   0 Apr 28 06:38 _aamtx
-rw-r--r-- 1 vscode vscode   0 Apr 28 06:38 _addfile
-rw-r--r-- 1 vscode vscode   0 Apr 28 06:38 _codonpos
-rw-r--r-- 1 vscode vscode   0 Apr 28 06:38 _codonscore
-rw-r--r-- 1 vscode vscode   0 Apr 28 06:38 _externalanchors
-rw-r--r-- 1 vscode vscode   0 Apr 28 06:38 _guidetree
-rw-r--r-- 1 vscode vscode   0 Apr 28 06:38 _lara.params
-rw-r--r-- 1 vscode vscode   0 Apr 28 06:38 _seedtablefile
-rw-r--r-- 1 vscode vscode   0 Apr 28 06:38 _subalignmentstable
-rw-r--r-- 1 vscode vscode 41K Apr 28 06:38 infile
-rw-r--r-- 1 vscode vscode   0 Apr 28 06:38 ownlist
-rw-r--r-- 1 vscode vscode   0 Apr 28 06:38 pdblist
-rw-r--r-- 1 vscode vscode  33 Apr 28 06:38 size



Debug at: /opt/conda/envs/qiime2-amplicon-2026.1/bin/mafft:2210 

total 48K
-rw-r--r-- 1 vscode vscode   0 Apr 28 06:38 _aamtx
-rw-r--r-- 1 vscode vscode   0 Apr 28 06:38 _addfile
-rw-r--r-- 1 vscode vscode   0 Apr 28 06:38 _codonpos
-rw-r--r-- 1 vscode vscode   0 Apr 28 06:38 _codonscore
-rw-r--r-- 1 vscode vscode   0 Apr 28 06:38 _externalanchors
-rw-r--r-- 1 vscode vscode   0 Apr 28 06:38 _guidetree
-rw-r--r-- 1 vscode vscode   0 Apr 28 06:38 _lara.params
-rw-r--r-- 1 vscode vscode   0 Apr 28 06:38 _seedtablefile
-rw-r--r-- 1 vscode vscode   0 Apr 28 06:38 _subalignmentstable
-rw-r--r-- 1 vscode vscode 41K Apr 28 06:38 infile
-rw-r--r-- 1 vscode vscode   0 Apr 28 06:38 ownlist
-rw-r--r-- 1 vscode vscode   0 Apr 28 06:38 pdblist
-rw-r--r-- 1 vscode vscode  33 Apr 28 06:38 size



Debug at: /opt/conda/envs/qiime2-amplicon-2026.1/bin/mafft:2213 

total 48K
-rw-r--r-- 1 vscode vscode   0 Apr 28 06:38 _aamtx
-rw-r--r-- 1 vscode vscode   0 Apr 28 06:38 _addfile
-rw-r--r-- 1 vscode vscode   0 Apr 28 06:38 _codonpos
-rw-r--r-- 1 vscode vscode   0 Apr 28 06:38 _codonscore
-rw-r--r-- 1 vscode vscode   0 Apr 28 06:38 _externalanchors
-rw-r--r-- 1 vscode vscode   0 Apr 28 06:38 _guidetree
-rw-r--r-- 1 vscode vscode   0 Apr 28 06:38 _lara.params
-rw-r--r-- 1 vscode vscode   0 Apr 28 06:38 _seedtablefile
-rw-r--r-- 1 vscode vscode   0 Apr 28 06:38 _subalignmentstable
-rw-r--r-- 1 vscode vscode 41K Apr 28 06:38 infile
-rw-r--r-- 1 vscode vscode   0 Apr 28 06:38 ownlist
-rw-r--r-- 1 vscode vscode   0 Apr 28 06:38 pdblist
-rw-r--r-- 1 vscode vscode  33 Apr 28 06:38 size



Debug at: /opt/conda/envs/qiime2-amplicon-2026.1/bin/mafft:2214 

total 48K
-rw-r--r-- 1 vscode vscode   0 Apr 28 06:38 _aamtx
-rw-r--r-- 1 vscode vscode   0 Apr 28 06:38 _addfile
-rw-r--r-- 1 vscode vscode   0 Apr 28 06:38 _codonpos
-rw-r--r-- 1 vscode vscode   0 Apr 28 06:38 _codonscore
-rw-r--r-- 1 vscode vscode   0 Apr 28 06:38 _externalanchors
-rw-r--r-- 1 vscode vscode   0 Apr 28 06:38 _guidetree
-rw-r--r-- 1 vscode vscode   0 Apr 28 06:38 _lara.params
-rw-r--r-- 1 vscode vscode   0 Apr 28 06:38 _seedtablefile
-rw-r--r-- 1 vscode vscode   0 Apr 28 06:38 _subalignmentstable
-rw-r--r-- 1 vscode vscode 41K Apr 28 06:38 infile
-rw-r--r-- 1 vscode vscode   0 Apr 28 06:38 ownlist
-rw-r--r-- 1 vscode vscode   0 Apr 28 06:38 pdblist
-rw-r--r-- 1 vscode vscode  33 Apr 28 06:38 size



Debug at: /opt/conda/envs/qiime2-amplicon-2026.1/bin/mafft:2215 

total 48K
-rw-r--r-- 1 vscode vscode   0 Apr 28 06:38 _aamtx
-rw-r--r-- 1 vscode vscode   0 Apr 28 06:38 _addfile
-rw-r--r-- 1 vscode vscode   0 Apr 28 06:38 _codonpos
-rw-r--r-- 1 vscode vscode   0 Apr 28 06:38 _codonscore
-rw-r--r-- 1 vscode vscode   0 Apr 28 06:38 _externalanchors
-rw-r--r-- 1 vscode vscode   0 Apr 28 06:38 _guidetree
-rw-r--r-- 1 vscode vscode   0 Apr 28 06:38 _lara.params
-rw-r--r-- 1 vscode vscode   0 Apr 28 06:38 _seedtablefile
-rw-r--r-- 1 vscode vscode   0 Apr 28 06:38 _subalignmentstable
-rw-r--r-- 1 vscode vscode 41K Apr 28 06:38 infile
-rw-r--r-- 1 vscode vscode   0 Apr 28 06:38 ownlist
-rw-r--r-- 1 vscode vscode   0 Apr 28 06:38 pdblist
-rw-r--r-- 1 vscode vscode  33 Apr 28 06:38 size



Debug at: /opt/conda/envs/qiime2-amplicon-2026.1/bin/mafft:2236 

total 48K
-rw-r--r-- 1 vscode vscode   0 Apr 28 06:38 _aamtx
-rw-r--r-- 1 vscode vscode   0 Apr 28 06:38 _addfile
-rw-r--r-- 1 vscode vscode   0 Apr 28 06:38 _codonpos
-rw-r--r-- 1 vscode vscode   0 Apr 28 06:38 _codonscore
-rw-r--r-- 1 vscode vscode   0 Apr 28 06:38 _externalanchors
-rw-r--r-- 1 vscode vscode   0 Apr 28 06:38 _guidetree
-rw-r--r-- 1 vscode vscode   0 Apr 28 06:38 _lara.params
-rw-r--r-- 1 vscode vscode   0 Apr 28 06:38 _seedtablefile
-rw-r--r-- 1 vscode vscode   0 Apr 28 06:38 _subalignmentstable
-rw-r--r-- 1 vscode vscode 41K Apr 28 06:38 infile
-rw-r--r-- 1 vscode vscode   0 Apr 28 06:38 ownlist
-rw-r--r-- 1 vscode vscode   0 Apr 28 06:38 pdblist
-rw-r--r-- 1 vscode vscode  33 Apr 28 06:38 size



Debug at: /opt/conda/envs/qiime2-amplicon-2026.1/bin/mafft:2237 

total 48K
-rw-r--r-- 1 vscode vscode   0 Apr 28 06:38 _aamtx
-rw-r--r-- 1 vscode vscode   0 Apr 28 06:38 _addfile
-rw-r--r-- 1 vscode vscode   0 Apr 28 06:38 _codonpos
-rw-r--r-- 1 vscode vscode   0 Apr 28 06:38 _codonscore
-rw-r--r-- 1 vscode vscode   0 Apr 28 06:38 _externalanchors
-rw-r--r-- 1 vscode vscode   0 Apr 28 06:38 _guidetree
-rw-r--r-- 1 vscode vscode   0 Apr 28 06:38 _lara.params
-rw-r--r-- 1 vscode vscode   0 Apr 28 06:38 _seedtablefile
-rw-r--r-- 1 vscode vscode   0 Apr 28 06:38 _subalignmentstable
-rw-r--r-- 1 vscode vscode 41K Apr 28 06:38 infile
-rw-r--r-- 1 vscode vscode   0 Apr 28 06:38 ownlist
-rw-r--r-- 1 vscode vscode   0 Apr 28 06:38 pdblist
-rw-r--r-- 1 vscode vscode  33 Apr 28 06:38 size



Debug at: /opt/conda/envs/qiime2-amplicon-2026.1/bin/mafft:2238 

total 48K
-rw-r--r-- 1 vscode vscode   0 Apr 28 06:38 _aamtx
-rw-r--r-- 1 vscode vscode   0 Apr 28 06:38 _addfile
-rw-r--r-- 1 vscode vscode   0 Apr 28 06:38 _codonpos
-rw-r--r-- 1 vscode vscode   0 Apr 28 06:38 _codonscore
-rw-r--r-- 1 vscode vscode   0 Apr 28 06:38 _externalanchors
-rw-r--r-- 1 vscode vscode   0 Apr 28 06:38 _guidetree
-rw-r--r-- 1 vscode vscode   0 Apr 28 06:38 _lara.params
-rw-r--r-- 1 vscode vscode   0 Apr 28 06:38 _seedtablefile
-rw-r--r-- 1 vscode vscode   0 Apr 28 06:38 _subalignmentstable
-rw-r--r-- 1 vscode vscode 41K Apr 28 06:38 infile
-rw-r--r-- 1 vscode vscode   0 Apr 28 06:38 ownlist
-rw-r--r-- 1 vscode vscode   0 Apr 28 06:38 pdblist
-rw-r--r-- 1 vscode vscode  33 Apr 28 06:38 size



Debug at: /opt/conda/envs/qiime2-amplicon-2026.1/bin/mafft:2241 

total 48K
-rw-r--r-- 1 vscode vscode   0 Apr 28 06:38 _aamtx
-rw-r--r-- 1 vscode vscode   0 Apr 28 06:38 _addfile
-rw-r--r-- 1 vscode vscode   0 Apr 28 06:38 _codonpos
-rw-r--r-- 1 vscode vscode   0 Apr 28 06:38 _codonscore
-rw-r--r-- 1 vscode vscode   0 Apr 28 06:38 _externalanchors
-rw-r--r-- 1 vscode vscode   0 Apr 28 06:38 _guidetree
-rw-r--r-- 1 vscode vscode   0 Apr 28 06:38 _lara.params
-rw-r--r-- 1 vscode vscode   0 Apr 28 06:38 _seedtablefile
-rw-r--r-- 1 vscode vscode   0 Apr 28 06:38 _subalignmentstable
-rw-r--r-- 1 vscode vscode 41K Apr 28 06:38 infile
-rw-r--r-- 1 vscode vscode   0 Apr 28 06:38 ownlist
-rw-r--r-- 1 vscode vscode   0 Apr 28 06:38 pdblist
-rw-r--r-- 1 vscode vscode  33 Apr 28 06:38 size



Debug at: /opt/conda/envs/qiime2-amplicon-2026.1/bin/mafft:2244 

total 48K
-rw-r--r-- 1 vscode vscode   0 Apr 28 06:38 _aamtx
-rw-r--r-- 1 vscode vscode   0 Apr 28 06:38 _addfile
-rw-r--r-- 1 vscode vscode   0 Apr 28 06:38 _codonpos
-rw-r--r-- 1 vscode vscode   0 Apr 28 06:38 _codonscore
-rw-r--r-- 1 vscode vscode   0 Apr 28 06:38 _externalanchors
-rw-r--r-- 1 vscode vscode   0 Apr 28 06:38 _guidetree
-rw-r--r-- 1 vscode vscode   0 Apr 28 06:38 _lara.params
-rw-r--r-- 1 vscode vscode   0 Apr 28 06:38 _seedtablefile
-rw-r--r-- 1 vscode vscode   0 Apr 28 06:38 _subalignmentstable
-rw-r--r-- 1 vscode vscode 41K Apr 28 06:38 infile
-rw-r--r-- 1 vscode vscode   0 Apr 28 06:38 ownlist
-rw-r--r-- 1 vscode vscode   0 Apr 28 06:38 pdblist
-rw-r--r-- 1 vscode vscode  33 Apr 28 06:38 size



Debug at: /opt/conda/envs/qiime2-amplicon-2026.1/bin/mafft:2247 

total 48K
-rw-r--r-- 1 vscode vscode   0 Apr 28 06:38 _aamtx
-rw-r--r-- 1 vscode vscode   0 Apr 28 06:38 _addfile
-rw-r--r-- 1 vscode vscode   0 Apr 28 06:38 _codonpos
-rw-r--r-- 1 vscode vscode   0 Apr 28 06:38 _codonscore
-rw-r--r-- 1 vscode vscode   0 Apr 28 06:38 _externalanchors
-rw-r--r-- 1 vscode vscode   0 Apr 28 06:38 _guidetree
-rw-r--r-- 1 vscode vscode   0 Apr 28 06:38 _lara.params
-rw-r--r-- 1 vscode vscode   0 Apr 28 06:38 _seedtablefile
-rw-r--r-- 1 vscode vscode   0 Apr 28 06:38 _subalignmentstable
-rw-r--r-- 1 vscode vscode 41K Apr 28 06:38 infile
-rw-r--r-- 1 vscode vscode   0 Apr 28 06:38 ownlist
-rw-r--r-- 1 vscode vscode   0 Apr 28 06:38 pdblist
-rw-r--r-- 1 vscode vscode  33 Apr 28 06:38 size



Debug at: /opt/conda/envs/qiime2-amplicon-2026.1/bin/mafft:2250 

total 48K
-rw-r--r-- 1 vscode vscode   0 Apr 28 06:38 _aamtx
-rw-r--r-- 1 vscode vscode   0 Apr 28 06:38 _addfile
-rw-r--r-- 1 vscode vscode   0 Apr 28 06:38 _codonpos
-rw-r--r-- 1 vscode vscode   0 Apr 28 06:38 _codonscore
-rw-r--r-- 1 vscode vscode   0 Apr 28 06:38 _externalanchors
-rw-r--r-- 1 vscode vscode   0 Apr 28 06:38 _guidetree
-rw-r--r-- 1 vscode vscode   0 Apr 28 06:38 _lara.params
-rw-r--r-- 1 vscode vscode   0 Apr 28 06:38 _seedtablefile
-rw-r--r-- 1 vscode vscode   0 Apr 28 06:38 _subalignmentstable
-rw-r--r-- 1 vscode vscode 41K Apr 28 06:38 infile
-rw-r--r-- 1 vscode vscode   0 Apr 28 06:38 ownlist
-rw-r--r-- 1 vscode vscode   0 Apr 28 06:38 pdblist
-rw-r--r-- 1 vscode vscode  33 Apr 28 06:38 size



Debug at: /opt/conda/envs/qiime2-amplicon-2026.1/bin/mafft:2253 

total 48K
-rw-r--r-- 1 vscode vscode   0 Apr 28 06:38 _aamtx
-rw-r--r-- 1 vscode vscode   0 Apr 28 06:38 _addfile
-rw-r--r-- 1 vscode vscode   0 Apr 28 06:38 _codonpos
-rw-r--r-- 1 vscode vscode   0 Apr 28 06:38 _codonscore
-rw-r--r-- 1 vscode vscode   0 Apr 28 06:38 _externalanchors
-rw-r--r-- 1 vscode vscode   0 Apr 28 06:38 _guidetree
-rw-r--r-- 1 vscode vscode   0 Apr 28 06:38 _lara.params
-rw-r--r-- 1 vscode vscode   0 Apr 28 06:38 _seedtablefile
-rw-r--r-- 1 vscode vscode   0 Apr 28 06:38 _subalignmentstable
-rw-r--r-- 1 vscode vscode 41K Apr 28 06:38 infile
-rw-r--r-- 1 vscode vscode   0 Apr 28 06:38 ownlist
-rw-r--r-- 1 vscode vscode   0 Apr 28 06:38 pdblist
-rw-r--r-- 1 vscode vscode  33 Apr 28 06:38 size



Debug at: /opt/conda/envs/qiime2-amplicon-2026.1/bin/mafft:2255 

total 48K
-rw-r--r-- 1 vscode vscode   0 Apr 28 06:38 _aamtx
-rw-r--r-- 1 vscode vscode   0 Apr 28 06:38 _addfile
-rw-r--r-- 1 vscode vscode   0 Apr 28 06:38 _codonpos
-rw-r--r-- 1 vscode vscode   0 Apr 28 06:38 _codonscore
-rw-r--r-- 1 vscode vscode   0 Apr 28 06:38 _externalanchors
-rw-r--r-- 1 vscode vscode   0 Apr 28 06:38 _guidetree
-rw-r--r-- 1 vscode vscode   0 Apr 28 06:38 _lara.params
-rw-r--r-- 1 vscode vscode   0 Apr 28 06:38 _seedtablefile
-rw-r--r-- 1 vscode vscode   0 Apr 28 06:38 _subalignmentstable
-rw-r--r-- 1 vscode vscode 41K Apr 28 06:38 infile
-rw-r--r-- 1 vscode vscode   0 Apr 28 06:38 ownlist
-rw-r--r-- 1 vscode vscode   0 Apr 28 06:38 pdblist
-rw-r--r-- 1 vscode vscode  33 Apr 28 06:38 size



Debug at: /opt/conda/envs/qiime2-amplicon-2026.1/bin/mafft:2257 

total 48K
-rw-r--r-- 1 vscode vscode   0 Apr 28 06:38 _aamtx
-rw-r--r-- 1 vscode vscode   0 Apr 28 06:38 _addfile
-rw-r--r-- 1 vscode vscode   0 Apr 28 06:38 _codonpos
-rw-r--r-- 1 vscode vscode   0 Apr 28 06:38 _codonscore
-rw-r--r-- 1 vscode vscode   0 Apr 28 06:38 _externalanchors
-rw-r--r-- 1 vscode vscode   0 Apr 28 06:38 _guidetree
-rw-r--r-- 1 vscode vscode   0 Apr 28 06:38 _lara.params
-rw-r--r-- 1 vscode vscode   0 Apr 28 06:38 _seedtablefile
-rw-r--r-- 1 vscode vscode   0 Apr 28 06:38 _subalignmentstable
-rw-r--r-- 1 vscode vscode 41K Apr 28 06:38 infile
-rw-r--r-- 1 vscode vscode   0 Apr 28 06:38 ownlist
-rw-r--r-- 1 vscode vscode   0 Apr 28 06:38 pdblist
-rw-r--r-- 1 vscode vscode  33 Apr 28 06:38 size



Debug at: /opt/conda/envs/qiime2-amplicon-2026.1/bin/mafft:2259 

total 48K
-rw-r--r-- 1 vscode vscode   0 Apr 28 06:38 _aamtx
-rw-r--r-- 1 vscode vscode   0 Apr 28 06:38 _addfile
-rw-r--r-- 1 vscode vscode   0 Apr 28 06:38 _codonpos
-rw-r--r-- 1 vscode vscode   0 Apr 28 06:38 _codonscore
-rw-r--r-- 1 vscode vscode   0 Apr 28 06:38 _externalanchors
-rw-r--r-- 1 vscode vscode   0 Apr 28 06:38 _guidetree
-rw-r--r-- 1 vscode vscode   0 Apr 28 06:38 _lara.params
-rw-r--r-- 1 vscode vscode   0 Apr 28 06:38 _seedtablefile
-rw-r--r-- 1 vscode vscode   0 Apr 28 06:38 _subalignmentstable
-rw-r--r-- 1 vscode vscode 41K Apr 28 06:38 infile
-rw-r--r-- 1 vscode vscode   0 Apr 28 06:38 ownlist
-rw-r--r-- 1 vscode vscode   0 Apr 28 06:38 pdblist
-rw-r--r-- 1 vscode vscode  33 Apr 28 06:38 size



Debug at: /opt/conda/envs/qiime2-amplicon-2026.1/bin/mafft:2260 

total 48K
-rw-r--r-- 1 vscode vscode   0 Apr 28 06:38 _aamtx
-rw-r--r-- 1 vscode vscode   0 Apr 28 06:38 _addfile
-rw-r--r-- 1 vscode vscode   0 Apr 28 06:38 _codonpos
-rw-r--r-- 1 vscode vscode   0 Apr 28 06:38 _codonscore
-rw-r--r-- 1 vscode vscode   0 Apr 28 06:38 _externalanchors
-rw-r--r-- 1 vscode vscode   0 Apr 28 06:38 _guidetree
-rw-r--r-- 1 vscode vscode   0 Apr 28 06:38 _lara.params
-rw-r--r-- 1 vscode vscode   0 Apr 28 06:38 _seedtablefile
-rw-r--r-- 1 vscode vscode   0 Apr 28 06:38 _subalignmentstable
-rw-r--r-- 1 vscode vscode 41K Apr 28 06:38 infile
-rw-r--r-- 1 vscode vscode   0 Apr 28 06:38 ownlist
-rw-r--r-- 1 vscode vscode   0 Apr 28 06:38 pdblist
-rw-r--r-- 1 vscode vscode  33 Apr 28 06:38 size



Debug at: /opt/conda/envs/qiime2-amplicon-2026.1/bin/mafft:2261 

total 48K
-rw-r--r-- 1 vscode vscode   0 Apr 28 06:38 _aamtx
-rw-r--r-- 1 vscode vscode   0 Apr 28 06:38 _addfile
-rw-r--r-- 1 vscode vscode   0 Apr 28 06:38 _codonpos
-rw-r--r-- 1 vscode vscode   0 Apr 28 06:38 _codonscore
-rw-r--r-- 1 vscode vscode   0 Apr 28 06:38 _externalanchors
-rw-r--r-- 1 vscode vscode   0 Apr 28 06:38 _guidetree
-rw-r--r-- 1 vscode vscode   0 Apr 28 06:38 _lara.params
-rw-r--r-- 1 vscode vscode   0 Apr 28 06:38 _seedtablefile
-rw-r--r-- 1 vscode vscode   0 Apr 28 06:38 _subalignmentstable
-rw-r--r-- 1 vscode vscode 41K Apr 28 06:38 infile
-rw-r--r-- 1 vscode vscode   0 Apr 28 06:38 ownlist
-rw-r--r-- 1 vscode vscode   0 Apr 28 06:38 pdblist
-rw-r--r-- 1 vscode vscode  33 Apr 28 06:38 size



Debug at: /opt/conda/envs/qiime2-amplicon-2026.1/bin/mafft:2264 

total 48K
-rw-r--r-- 1 vscode vscode   0 Apr 28 06:38 _aamtx
-rw-r--r-- 1 vscode vscode   0 Apr 28 06:38 _addfile
-rw-r--r-- 1 vscode vscode   0 Apr 28 06:38 _codonpos
-rw-r--r-- 1 vscode vscode   0 Apr 28 06:38 _codonscore
-rw-r--r-- 1 vscode vscode   0 Apr 28 06:38 _externalanchors
-rw-r--r-- 1 vscode vscode   0 Apr 28 06:38 _guidetree
-rw-r--r-- 1 vscode vscode   0 Apr 28 06:38 _lara.params
-rw-r--r-- 1 vscode vscode   0 Apr 28 06:38 _seedtablefile
-rw-r--r-- 1 vscode vscode   0 Apr 28 06:38 _subalignmentstable
-rw-r--r-- 1 vscode vscode 41K Apr 28 06:38 infile
-rw-r--r-- 1 vscode vscode   0 Apr 28 06:38 ownlist
-rw-r--r-- 1 vscode vscode   0 Apr 28 06:38 pdblist
-rw-r--r-- 1 vscode vscode  33 Apr 28 06:38 size



Debug at: /opt/conda/envs/qiime2-amplicon-2026.1/bin/mafft:2274 

total 48K
-rw-r--r-- 1 vscode vscode   0 Apr 28 06:38 _aamtx
-rw-r--r-- 1 vscode vscode   0 Apr 28 06:38 _addfile
-rw-r--r-- 1 vscode vscode   0 Apr 28 06:38 _codonpos
-rw-r--r-- 1 vscode vscode   0 Apr 28 06:38 _codonscore
-rw-r--r-- 1 vscode vscode   0 Apr 28 06:38 _externalanchors
-rw-r--r-- 1 vscode vscode   0 Apr 28 06:38 _guidetree
-rw-r--r-- 1 vscode vscode   0 Apr 28 06:38 _lara.params
-rw-r--r-- 1 vscode vscode   0 Apr 28 06:38 _seedtablefile
-rw-r--r-- 1 vscode vscode   0 Apr 28 06:38 _subalignmentstable
-rw-r--r-- 1 vscode vscode 41K Apr 28 06:38 infile
-rw-r--r-- 1 vscode vscode   0 Apr 28 06:38 ownlist
-rw-r--r-- 1 vscode vscode   0 Apr 28 06:38 pdblist
-rw-r--r-- 1 vscode vscode  33 Apr 28 06:38 size



Debug at: /opt/conda/envs/qiime2-amplicon-2026.1/bin/mafft:2276 

total 48K
-rw-r--r-- 1 vscode vscode   0 Apr 28 06:38 _aamtx
-rw-r--r-- 1 vscode vscode   0 Apr 28 06:38 _addfile
-rw-r--r-- 1 vscode vscode   0 Apr 28 06:38 _codonpos
-rw-r--r-- 1 vscode vscode   0 Apr 28 06:38 _codonscore
-rw-r--r-- 1 vscode vscode   0 Apr 28 06:38 _externalanchors
-rw-r--r-- 1 vscode vscode   0 Apr 28 06:38 _guidetree
-rw-r--r-- 1 vscode vscode   0 Apr 28 06:38 _lara.params
-rw-r--r-- 1 vscode vscode   0 Apr 28 06:38 _seedtablefile
-rw-r--r-- 1 vscode vscode   0 Apr 28 06:38 _subalignmentstable
-rw-r--r-- 1 vscode vscode 41K Apr 28 06:38 infile
-rw-r--r-- 1 vscode vscode   0 Apr 28 06:38 ownlist
-rw-r--r-- 1 vscode vscode   0 Apr 28 06:38 pdblist
-rw-r--r-- 1 vscode vscode  33 Apr 28 06:38 size



Debug at: /opt/conda/envs/qiime2-amplicon-2026.1/bin/mafft:2278 

total 48K
-rw-r--r-- 1 vscode vscode   0 Apr 28 06:38 _aamtx
-rw-r--r-- 1 vscode vscode   0 Apr 28 06:38 _addfile
-rw-r--r-- 1 vscode vscode   0 Apr 28 06:38 _codonpos
-rw-r--r-- 1 vscode vscode   0 Apr 28 06:38 _codonscore
-rw-r--r-- 1 vscode vscode   0 Apr 28 06:38 _externalanchors
-rw-r--r-- 1 vscode vscode   0 Apr 28 06:38 _guidetree
-rw-r--r-- 1 vscode vscode   0 Apr 28 06:38 _lara.params
-rw-r--r-- 1 vscode vscode   0 Apr 28 06:38 _seedtablefile
-rw-r--r-- 1 vscode vscode   0 Apr 28 06:38 _subalignmentstable
-rw-r--r-- 1 vscode vscode 41K Apr 28 06:38 infile
-rw-r--r-- 1 vscode vscode   0 Apr 28 06:38 ownlist
-rw-r--r-- 1 vscode vscode   0 Apr 28 06:38 pdblist
-rw-r--r-- 1 vscode vscode  33 Apr 28 06:38 size



Debug at: /opt/conda/envs/qiime2-amplicon-2026.1/bin/mafft:2280 

total 48K
-rw-r--r-- 1 vscode vscode   0 Apr 28 06:38 _aamtx
-rw-r--r-- 1 vscode vscode   0 Apr 28 06:38 _addfile
-rw-r--r-- 1 vscode vscode   0 Apr 28 06:38 _codonpos
-rw-r--r-- 1 vscode vscode   0 Apr 28 06:38 _codonscore
-rw-r--r-- 1 vscode vscode   0 Apr 28 06:38 _externalanchors
-rw-r--r-- 1 vscode vscode   0 Apr 28 06:38 _guidetree
-rw-r--r-- 1 vscode vscode   0 Apr 28 06:38 _lara.params
-rw-r--r-- 1 vscode vscode   0 Apr 28 06:38 _seedtablefile
-rw-r--r-- 1 vscode vscode   0 Apr 28 06:38 _subalignmentstable
-rw-r--r-- 1 vscode vscode 41K Apr 28 06:38 infile
-rw-r--r-- 1 vscode vscode   0 Apr 28 06:38 ownlist
-rw-r--r-- 1 vscode vscode   0 Apr 28 06:38 pdblist
-rw-r--r-- 1 vscode vscode  33 Apr 28 06:38 size



Debug at: /opt/conda/envs/qiime2-amplicon-2026.1/bin/mafft:2282 

total 48K
-rw-r--r-- 1 vscode vscode   0 Apr 28 06:38 _aamtx
-rw-r--r-- 1 vscode vscode   0 Apr 28 06:38 _addfile
-rw-r--r-- 1 vscode vscode   0 Apr 28 06:38 _codonpos
-rw-r--r-- 1 vscode vscode   0 Apr 28 06:38 _codonscore
-rw-r--r-- 1 vscode vscode   0 Apr 28 06:38 _externalanchors
-rw-r--r-- 1 vscode vscode   0 Apr 28 06:38 _guidetree
-rw-r--r-- 1 vscode vscode   0 Apr 28 06:38 _lara.params
-rw-r--r-- 1 vscode vscode   0 Apr 28 06:38 _seedtablefile
-rw-r--r-- 1 vscode vscode   0 Apr 28 06:38 _subalignmentstable
-rw-r--r-- 1 vscode vscode 41K Apr 28 06:38 infile
-rw-r--r-- 1 vscode vscode   0 Apr 28 06:38 ownlist
-rw-r--r-- 1 vscode vscode   0 Apr 28 06:38 pdblist
-rw-r--r-- 1 vscode vscode  33 Apr 28 06:38 size



Debug at: /opt/conda/envs/qiime2-amplicon-2026.1/bin/mafft:2285 

total 48K
-rw-r--r-- 1 vscode vscode   0 Apr 28 06:38 _aamtx
-rw-r--r-- 1 vscode vscode   0 Apr 28 06:38 _addfile
-rw-r--r-- 1 vscode vscode   0 Apr 28 06:38 _codonpos
-rw-r--r-- 1 vscode vscode   0 Apr 28 06:38 _codonscore
-rw-r--r-- 1 vscode vscode   0 Apr 28 06:38 _externalanchors
-rw-r--r-- 1 vscode vscode   0 Apr 28 06:38 _guidetree
-rw-r--r-- 1 vscode vscode   0 Apr 28 06:38 _lara.params
-rw-r--r-- 1 vscode vscode   0 Apr 28 06:38 _seedtablefile
-rw-r--r-- 1 vscode vscode   0 Apr 28 06:38 _subalignmentstable
-rw-r--r-- 1 vscode vscode 41K Apr 28 06:38 infile
-rw-r--r-- 1 vscode vscode   0 Apr 28 06:38 ownlist
-rw-r--r-- 1 vscode vscode   0 Apr 28 06:38 pdblist
-rw-r--r-- 1 vscode vscode  33 Apr 28 06:38 size



Debug at: /opt/conda/envs/qiime2-amplicon-2026.1/bin/mafft:2288 

total 48K
-rw-r--r-- 1 vscode vscode   0 Apr 28 06:38 _aamtx
-rw-r--r-- 1 vscode vscode   0 Apr 28 06:38 _addfile
-rw-r--r-- 1 vscode vscode   0 Apr 28 06:38 _codonpos
-rw-r--r-- 1 vscode vscode   0 Apr 28 06:38 _codonscore
-rw-r--r-- 1 vscode vscode   0 Apr 28 06:38 _externalanchors
-rw-r--r-- 1 vscode vscode   0 Apr 28 06:38 _guidetree
-rw-r--r-- 1 vscode vscode   0 Apr 28 06:38 _lara.params
-rw-r--r-- 1 vscode vscode   0 Apr 28 06:38 _seedtablefile
-rw-r--r-- 1 vscode vscode   0 Apr 28 06:38 _subalignmentstable
-rw-r--r-- 1 vscode vscode 41K Apr 28 06:38 infile
-rw-r--r-- 1 vscode vscode   0 Apr 28 06:38 ownlist
-rw-r--r-- 1 vscode vscode   0 Apr 28 06:38 pdblist
-rw-r--r-- 1 vscode vscode  33 Apr 28 06:38 size



Debug at: /opt/conda/envs/qiime2-amplicon-2026.1/bin/mafft:2295 

total 48K
-rw-r--r-- 1 vscode vscode   0 Apr 28 06:38 _aamtx
-rw-r--r-- 1 vscode vscode   0 Apr 28 06:38 _addfile
-rw-r--r-- 1 vscode vscode   0 Apr 28 06:38 _codonpos
-rw-r--r-- 1 vscode vscode   0 Apr 28 06:38 _codonscore
-rw-r--r-- 1 vscode vscode   0 Apr 28 06:38 _externalanchors
-rw-r--r-- 1 vscode vscode   0 Apr 28 06:38 _guidetree
-rw-r--r-- 1 vscode vscode   0 Apr 28 06:38 _lara.params
-rw-r--r-- 1 vscode vscode   0 Apr 28 06:38 _seedtablefile
-rw-r--r-- 1 vscode vscode   0 Apr 28 06:38 _subalignmentstable
-rw-r--r-- 1 vscode vscode 41K Apr 28 06:38 infile
-rw-r--r-- 1 vscode vscode   0 Apr 28 06:38 ownlist
-rw-r--r-- 1 vscode vscode   0 Apr 28 06:38 pdblist
-rw-r--r-- 1 vscode vscode  33 Apr 28 06:38 size



Debug at: /opt/conda/envs/qiime2-amplicon-2026.1/bin/mafft:2800 

total 364K
-rw-r--r-- 1 vscode vscode    0 Apr 28 06:38 _aamtx
-rw-r--r-- 1 vscode vscode    0 Apr 28 06:38 _addfile
-rw-r--r-- 1 vscode vscode    0 Apr 28 06:38 _codonpos
-rw-r--r-- 1 vscode vscode    0 Apr 28 06:38 _codonscore
-rw-r--r-- 1 vscode vscode    0 Apr 28 06:38 _externalanchors
-rw-r--r-- 1 vscode vscode    0 Apr 28 06:38 _guidetree
-rw-r--r-- 1 vscode vscode    0 Apr 28 06:38 _lara.params
-rw-r--r-- 1 vscode vscode    0 Apr 28 06:38 _seedtablefile
-rw-r--r-- 1 vscode vscode    0 Apr 28 06:38 _subalignmentstable
-rw-r--r-- 1 vscode vscode 199K Apr 28 06:39 hat2
-rw-r--r-- 1 vscode vscode    0 Apr 28 06:39 hat3
-rw-r--r-- 1 vscode vscode  43K Apr 28 06:39 infile
-rw-r--r-- 1 vscode vscode  17K Apr 28 06:39 infile.tree
-rw-r--r-- 1 vscode vscode  886 Apr 28 06:39 order
-rw-r--r-- 1 vscode vscode  41K Apr 28 06:38 orig
-rw-r--r-- 1 vscode vscode    0 Apr 28 06:38 ownlist
-rw-r--r-- 1 vscode vscode    0 Apr 28 06:38 pdblist
-rw-r--r-- 1 vscode vscode  41K Apr 28 06:39 pre
-rw-r--r-- 1 vscode vscode   33 Apr 28 06:38 size
-rw-r--r-- 1 vscode vscode 1.3K Apr 28 06:39 trace



Debug at: /opt/conda/envs/qiime2-amplicon-2026.1/bin/mafft:2803 

total 364K
-rw-r--r-- 1 vscode vscode    0 Apr 28 06:38 _aamtx
-rw-r--r-- 1 vscode vscode    0 Apr 28 06:38 _addfile
-rw-r--r-- 1 vscode vscode    0 Apr 28 06:38 _codonpos
-rw-r--r-- 1 vscode vscode    0 Apr 28 06:38 _codonscore
-rw-r--r-- 1 vscode vscode    0 Apr 28 06:38 _externalanchors
-rw-r--r-- 1 vscode vscode    0 Apr 28 06:38 _guidetree
-rw-r--r-- 1 vscode vscode    0 Apr 28 06:38 _lara.params
-rw-r--r-- 1 vscode vscode    0 Apr 28 06:38 _seedtablefile
-rw-r--r-- 1 vscode vscode    0 Apr 28 06:38 _subalignmentstable
-rw-r--r-- 1 vscode vscode 199K Apr 28 06:39 hat2
-rw-r--r-- 1 vscode vscode    0 Apr 28 06:39 hat3
-rw-r--r-- 1 vscode vscode  43K Apr 28 06:39 infile
-rw-r--r-- 1 vscode vscode  17K Apr 28 06:39 infile.tree
-rw-r--r-- 1 vscode vscode  886 Apr 28 06:39 order
-rw-r--r-- 1 vscode vscode  41K Apr 28 06:38 orig
-rw-r--r-- 1 vscode vscode    0 Apr 28 06:38 ownlist
-rw-r--r-- 1 vscode vscode    0 Apr 28 06:38 pdblist
-rw-r--r-- 1 vscode vscode  41K Apr 28 06:39 pre
-rw-r--r-- 1 vscode vscode   33 Apr 28 06:38 size
-rw-r--r-- 1 vscode vscode 1.3K Apr 28 06:39 trace



Debug at: /opt/conda/envs/qiime2-amplicon-2026.1/bin/mafft:2804 

total 364K
-rw-r--r-- 1 vscode vscode    0 Apr 28 06:38 _aamtx
-rw-r--r-- 1 vscode vscode    0 Apr 28 06:38 _addfile
-rw-r--r-- 1 vscode vscode    0 Apr 28 06:38 _codonpos
-rw-r--r-- 1 vscode vscode    0 Apr 28 06:38 _codonscore
-rw-r--r-- 1 vscode vscode    0 Apr 28 06:38 _externalanchors
-rw-r--r-- 1 vscode vscode    0 Apr 28 06:38 _guidetree
-rw-r--r-- 1 vscode vscode    0 Apr 28 06:38 _lara.params
-rw-r--r-- 1 vscode vscode    0 Apr 28 06:38 _seedtablefile
-rw-r--r-- 1 vscode vscode    0 Apr 28 06:38 _subalignmentstable
-rw-r--r-- 1 vscode vscode 199K Apr 28 06:39 hat2
-rw-r--r-- 1 vscode vscode    0 Apr 28 06:39 hat3
-rw-r--r-- 1 vscode vscode  43K Apr 28 06:39 infile
-rw-r--r-- 1 vscode vscode  17K Apr 28 06:39 infile.tree
-rw-r--r-- 1 vscode vscode  886 Apr 28 06:39 order
-rw-r--r-- 1 vscode vscode  41K Apr 28 06:38 orig
-rw-r--r-- 1 vscode vscode    0 Apr 28 06:38 ownlist
-rw-r--r-- 1 vscode vscode    0 Apr 28 06:38 pdblist
-rw-r--r-- 1 vscode vscode  41K Apr 28 06:39 pre
-rw-r--r-- 1 vscode vscode   33 Apr 28 06:38 size
-rw-r--r-- 1 vscode vscode 1.3K Apr 28 06:39 trace



Debug at: /opt/conda/envs/qiime2-amplicon-2026.1/bin/mafft:2817 

total 364K
-rw-r--r-- 1 vscode vscode    0 Apr 28 06:38 _aamtx
-rw-r--r-- 1 vscode vscode    0 Apr 28 06:38 _addfile
-rw-r--r-- 1 vscode vscode    0 Apr 28 06:38 _codonpos
-rw-r--r-- 1 vscode vscode    0 Apr 28 06:38 _codonscore
-rw-r--r-- 1 vscode vscode    0 Apr 28 06:38 _externalanchors
-rw-r--r-- 1 vscode vscode    0 Apr 28 06:38 _guidetree
-rw-r--r-- 1 vscode vscode    0 Apr 28 06:38 _lara.params
-rw-r--r-- 1 vscode vscode    0 Apr 28 06:38 _seedtablefile
-rw-r--r-- 1 vscode vscode    0 Apr 28 06:38 _subalignmentstable
-rw-r--r-- 1 vscode vscode 199K Apr 28 06:39 hat2
-rw-r--r-- 1 vscode vscode    0 Apr 28 06:39 hat3
-rw-r--r-- 1 vscode vscode  43K Apr 28 06:39 infile
-rw-r--r-- 1 vscode vscode  17K Apr 28 06:39 infile.tree
-rw-r--r-- 1 vscode vscode  886 Apr 28 06:39 order
-rw-r--r-- 1 vscode vscode  41K Apr 28 06:38 orig
-rw-r--r-- 1 vscode vscode    0 Apr 28 06:38 ownlist
-rw-r--r-- 1 vscode vscode    0 Apr 28 06:38 pdblist
-rw-r--r-- 1 vscode vscode  41K Apr 28 06:39 pre
-rw-r--r-- 1 vscode vscode   33 Apr 28 06:38 size
-rw-r--r-- 1 vscode vscode 1.3K Apr 28 06:39 trace



Debug at: /opt/conda/envs/qiime2-amplicon-2026.1/bin/mafft:2821 

total 364K
-rw-r--r-- 1 vscode vscode    0 Apr 28 06:38 _aamtx
-rw-r--r-- 1 vscode vscode    0 Apr 28 06:38 _addfile
-rw-r--r-- 1 vscode vscode    0 Apr 28 06:38 _codonpos
-rw-r--r-- 1 vscode vscode    0 Apr 28 06:38 _codonscore
-rw-r--r-- 1 vscode vscode    0 Apr 28 06:38 _externalanchors
-rw-r--r-- 1 vscode vscode    0 Apr 28 06:38 _guidetree
-rw-r--r-- 1 vscode vscode    0 Apr 28 06:38 _lara.params
-rw-r--r-- 1 vscode vscode    0 Apr 28 06:38 _seedtablefile
-rw-r--r-- 1 vscode vscode    0 Apr 28 06:38 _subalignmentstable
-rw-r--r-- 1 vscode vscode 199K Apr 28 06:39 hat2
-rw-r--r-- 1 vscode vscode    0 Apr 28 06:39 hat3
-rw-r--r-- 1 vscode vscode  43K Apr 28 06:39 infile
-rw-r--r-- 1 vscode vscode  17K Apr 28 06:39 infile.tree
-rw-r--r-- 1 vscode vscode  886 Apr 28 06:39 order
-rw-r--r-- 1 vscode vscode  41K Apr 28 06:38 orig
-rw-r--r-- 1 vscode vscode    0 Apr 28 06:38 ownlist
-rw-r--r-- 1 vscode vscode    0 Apr 28 06:38 pdblist
-rw-r--r-- 1 vscode vscode  41K Apr 28 06:39 pre
-rw-r--r-- 1 vscode vscode   33 Apr 28 06:38 size
-rw-r--r-- 1 vscode vscode 1.3K Apr 28 06:39 trace



Debug at: /opt/conda/envs/qiime2-amplicon-2026.1/bin/mafft:2825 

total 364K
-rw-r--r-- 1 vscode vscode    0 Apr 28 06:38 _aamtx
-rw-r--r-- 1 vscode vscode    0 Apr 28 06:38 _addfile
-rw-r--r-- 1 vscode vscode    0 Apr 28 06:38 _codonpos
-rw-r--r-- 1 vscode vscode    0 Apr 28 06:38 _codonscore
-rw-r--r-- 1 vscode vscode    0 Apr 28 06:38 _externalanchors
-rw-r--r-- 1 vscode vscode    0 Apr 28 06:38 _guidetree
-rw-r--r-- 1 vscode vscode    0 Apr 28 06:38 _lara.params
-rw-r--r-- 1 vscode vscode    0 Apr 28 06:38 _seedtablefile
-rw-r--r-- 1 vscode vscode    0 Apr 28 06:38 _subalignmentstable
-rw-r--r-- 1 vscode vscode 199K Apr 28 06:39 hat2
-rw-r--r-- 1 vscode vscode    0 Apr 28 06:39 hat3
-rw-r--r-- 1 vscode vscode  43K Apr 28 06:39 infile
-rw-r--r-- 1 vscode vscode  17K Apr 28 06:39 infile.tree
-rw-r--r-- 1 vscode vscode  886 Apr 28 06:39 order
-rw-r--r-- 1 vscode vscode  41K Apr 28 06:38 orig
-rw-r--r-- 1 vscode vscode    0 Apr 28 06:38 ownlist
-rw-r--r-- 1 vscode vscode    0 Apr 28 06:38 pdblist
-rw-r--r-- 1 vscode vscode  41K Apr 28 06:39 pre
-rw-r--r-- 1 vscode vscode   33 Apr 28 06:38 size
-rw-r--r-- 1 vscode vscode 1.3K Apr 28 06:39 trace



Debug at: /opt/conda/envs/qiime2-amplicon-2026.1/bin/mafft:2829 

total 364K
-rw-r--r-- 1 vscode vscode    0 Apr 28 06:38 _aamtx
-rw-r--r-- 1 vscode vscode    0 Apr 28 06:38 _addfile
-rw-r--r-- 1 vscode vscode    0 Apr 28 06:38 _codonpos
-rw-r--r-- 1 vscode vscode    0 Apr 28 06:38 _codonscore
-rw-r--r-- 1 vscode vscode    0 Apr 28 06:38 _externalanchors
-rw-r--r-- 1 vscode vscode    0 Apr 28 06:38 _guidetree
-rw-r--r-- 1 vscode vscode    0 Apr 28 06:38 _lara.params
-rw-r--r-- 1 vscode vscode    0 Apr 28 06:38 _seedtablefile
-rw-r--r-- 1 vscode vscode    0 Apr 28 06:38 _subalignmentstable
-rw-r--r-- 1 vscode vscode 199K Apr 28 06:39 hat2
-rw-r--r-- 1 vscode vscode    0 Apr 28 06:39 hat3
-rw-r--r-- 1 vscode vscode  43K Apr 28 06:39 infile
-rw-r--r-- 1 vscode vscode  17K Apr 28 06:39 infile.tree
-rw-r--r-- 1 vscode vscode  886 Apr 28 06:39 order
-rw-r--r-- 1 vscode vscode  41K Apr 28 06:38 orig
-rw-r--r-- 1 vscode vscode    0 Apr 28 06:38 ownlist
-rw-r--r-- 1 vscode vscode    0 Apr 28 06:38 pdblist
-rw-r--r-- 1 vscode vscode  41K Apr 28 06:39 pre
-rw-r--r-- 1 vscode vscode   33 Apr 28 06:38 size
-rw-r--r-- 1 vscode vscode 1.3K Apr 28 06:39 trace



Debug at: /opt/conda/envs/qiime2-amplicon-2026.1/bin/mafft:2833 

total 364K
-rw-r--r-- 1 vscode vscode    0 Apr 28 06:38 _aamtx
-rw-r--r-- 1 vscode vscode    0 Apr 28 06:38 _addfile
-rw-r--r-- 1 vscode vscode    0 Apr 28 06:38 _codonpos
-rw-r--r-- 1 vscode vscode    0 Apr 28 06:38 _codonscore
-rw-r--r-- 1 vscode vscode    0 Apr 28 06:38 _externalanchors
-rw-r--r-- 1 vscode vscode    0 Apr 28 06:38 _guidetree
-rw-r--r-- 1 vscode vscode    0 Apr 28 06:38 _lara.params
-rw-r--r-- 1 vscode vscode    0 Apr 28 06:38 _seedtablefile
-rw-r--r-- 1 vscode vscode    0 Apr 28 06:38 _subalignmentstable
-rw-r--r-- 1 vscode vscode 199K Apr 28 06:39 hat2
-rw-r--r-- 1 vscode vscode    0 Apr 28 06:39 hat3
-rw-r--r-- 1 vscode vscode  43K Apr 28 06:39 infile
-rw-r--r-- 1 vscode vscode  17K Apr 28 06:39 infile.tree
-rw-r--r-- 1 vscode vscode  886 Apr 28 06:39 order
-rw-r--r-- 1 vscode vscode  41K Apr 28 06:38 orig
-rw-r--r-- 1 vscode vscode    0 Apr 28 06:38 ownlist
-rw-r--r-- 1 vscode vscode    0 Apr 28 06:38 pdblist
-rw-r--r-- 1 vscode vscode  41K Apr 28 06:39 pre
-rw-r--r-- 1 vscode vscode   33 Apr 28 06:38 size
-rw-r--r-- 1 vscode vscode 1.3K Apr 28 06:39 trace



Debug at: /opt/conda/envs/qiime2-amplicon-2026.1/bin/mafft:2841 

total 364K
-rw-r--r-- 1 vscode vscode    0 Apr 28 06:38 _aamtx
-rw-r--r-- 1 vscode vscode    0 Apr 28 06:38 _addfile
-rw-r--r-- 1 vscode vscode    0 Apr 28 06:38 _codonpos
-rw-r--r-- 1 vscode vscode    0 Apr 28 06:38 _codonscore
-rw-r--r-- 1 vscode vscode    0 Apr 28 06:38 _externalanchors
-rw-r--r-- 1 vscode vscode    0 Apr 28 06:38 _guidetree
-rw-r--r-- 1 vscode vscode    0 Apr 28 06:38 _lara.params
-rw-r--r-- 1 vscode vscode    0 Apr 28 06:38 _seedtablefile
-rw-r--r-- 1 vscode vscode    0 Apr 28 06:38 _subalignmentstable
-rw-r--r-- 1 vscode vscode 199K Apr 28 06:39 hat2
-rw-r--r-- 1 vscode vscode    0 Apr 28 06:39 hat3
-rw-r--r-- 1 vscode vscode  43K Apr 28 06:39 infile
-rw-r--r-- 1 vscode vscode  17K Apr 28 06:39 infile.tree
-rw-r--r-- 1 vscode vscode  886 Apr 28 06:39 order
-rw-r--r-- 1 vscode vscode  41K Apr 28 06:38 orig
-rw-r--r-- 1 vscode vscode    0 Apr 28 06:38 ownlist
-rw-r--r-- 1 vscode vscode    0 Apr 28 06:38 pdblist
-rw-r--r-- 1 vscode vscode  41K Apr 28 06:39 pre
-rw-r--r-- 1 vscode vscode   33 Apr 28 06:38 size
-rw-r--r-- 1 vscode vscode 1.3K Apr 28 06:39 trace



Debug at: /opt/conda/envs/qiime2-amplicon-2026.1/bin/mafft:1 

total 364K
-rw-r--r-- 1 vscode vscode    0 Apr 28 06:38 _aamtx
-rw-r--r-- 1 vscode vscode    0 Apr 28 06:38 _addfile
-rw-r--r-- 1 vscode vscode    0 Apr 28 06:38 _codonpos
-rw-r--r-- 1 vscode vscode    0 Apr 28 06:38 _codonscore
-rw-r--r-- 1 vscode vscode    0 Apr 28 06:38 _externalanchors
-rw-r--r-- 1 vscode vscode    0 Apr 28 06:38 _guidetree
-rw-r--r-- 1 vscode vscode    0 Apr 28 06:38 _lara.params
-rw-r--r-- 1 vscode vscode    0 Apr 28 06:38 _seedtablefile
-rw-r--r-- 1 vscode vscode    0 Apr 28 06:38 _subalignmentstable
-rw-r--r-- 1 vscode vscode 199K Apr 28 06:39 hat2
-rw-r--r-- 1 vscode vscode    0 Apr 28 06:39 hat3
-rw-r--r-- 1 vscode vscode  43K Apr 28 06:39 infile
-rw-r--r-- 1 vscode vscode  17K Apr 28 06:39 infile.tree
-rw-r--r-- 1 vscode vscode  886 Apr 28 06:39 order
-rw-r--r-- 1 vscode vscode  41K Apr 28 06:38 orig
-rw-r--r-- 1 vscode vscode    0 Apr 28 06:38 ownlist
-rw-r--r-- 1 vscode vscode    0 Apr 28 06:38 pdblist
-rw-r--r-- 1 vscode vscode  41K Apr 28 06:39 pre
-rw-r--r-- 1 vscode vscode   33 Apr 28 06:38 size
-rw-r--r-- 1 vscode vscode 1.3K Apr 28 06:39 trace



